Star Name,Distance (pc),Image URL,Spectral Class,Center Pixel,L/L_o,Average Color
Absolutno,273.84505846592,https://alasky.u-strasbg.fr/hips-image-services/hips2fits?hips=CDS%2FP%2FDSS2%2Fcolor&width=500&height=500&fov=1&projection=SIN&coordsys=icrs&rotation_angle=0.0&object=Absolutno&format=jpg,"('G', '8', 'V')",255,0.656,"[0.18407557354925777, 0.2252093279957057, 0.2697989317184364]"
Acamar,49.43153732081068,https://alasky.u-strasbg.fr/hips-image-services/hips2fits?hips=CDS%2FP%2FDSS2%2Fcolor&width=500&height=500&fov=1&projection=SIN&coordsys=icrs&rotation_angle=0.0&object=Acamar&format=jpg,"('A', '2', 'V')",255,23.60000000000004,"[0.33405011603654416, 0.38383178070734775, 0.43729153598515286]"
Achernar,42.75331338178709,https://alasky.u-strasbg.fr/hips-image-services/hips2fits?hips=CDS%2FP%2FDSS2%2Fcolor&width=500&height=500&fov=1&projection=SIN&coordsys=icrs&rotation_angle=0.0&object=Achernar&format=jpg,"('B', '6', 'V')",233,97.52120305816788,"[0.44570507710747476, 0.45847512151200503, 0.4740112247040955]"
Achird,5.923040746966515,https://alasky.u-strasbg.fr/hips-image-services/hips2fits?hips=CDS%2FP%2FDSS2%2Fcolor&width=500&height=500&fov=1&projection=SIN&coordsys=icrs&rotation_angle=0.0&object=Achird&format=jpg,"('F', '9', 'V')",255,1.1936696742331518,"[0.37773370776278403, 0.3622124472940845, 0.3359493691857816]"
Acubens,54.554183214768905,https://alasky.u-strasbg.fr/hips-image-services/hips2fits?hips=CDS%2FP%2FDSS2%2Fcolor&width=500&height=500&fov=1&projection=SIN&coordsys=icrs&rotation_angle=0.0&object=Acubens&format=jpg,"('A', '7', 'V')",255,8.149286787824618,"[0.2444099031193941, 0.32214194401701723, 0.39871823912143534]"
Adhafera,71.23674106156993,https://alasky.u-strasbg.fr/hips-image-services/hips2fits?hips=CDS%2FP%2FDSS2%2Fcolor&width=500&height=500&fov=1&projection=SIN&coordsys=icrs&rotation_angle=0.0&object=Adhafera&format=jpg,"('F', '0', 'III')",255,27.00000000000001,"[0.3530329796745884, 0.38066733867523195, 0.40981200845136195]"
Adhil,68.47345284233302,https://alasky.u-strasbg.fr/hips-image-services/hips2fits?hips=CDS%2FP%2FDSS2%2Fcolor&width=500&height=500&fov=1&projection=SIN&coordsys=icrs&rotation_angle=0.0&object=Adhil&format=jpg,"('K', '0', 'III')",255,50.00000000000002,"[0.29894308431739447, 0.24825384845197102, 0.19644899392528997]"
Alasia,41.6868152940588,https://alasky.u-strasbg.fr/hips-image-services/hips2fits?hips=CDS%2FP%2FDSS2%2Fcolor&width=500&height=500&fov=1&projection=SIN&coordsys=icrs&rotation_angle=0.0&object=Alasia&format=jpg,"('G', '5', 'V')",255,0.8022550703894884,"[0.26955811472005853, 0.20265488807870902, 0.13866642667146656]"
Albali,74.83965603694085,https://alasky.u-strasbg.fr/hips-image-services/hips2fits?hips=CDS%2FP%2FDSS2%2Fcolor&width=500&height=500&fov=1&projection=SIN&coordsys=icrs&rotation_angle=0.0&object=Albali&format=jpg,"('B', '9.5', 'V')",255,-1856.0377468477816,"[0.2570933786620061, 0.32801998292194373, 0.40004884004884006]"
Alchiba,14.97687570391316,https://alasky.u-strasbg.fr/hips-image-services/hips2fits?hips=CDS%2FP%2FDSS2%2Fcolor&width=500&height=500&fov=1&projection=SIN&coordsys=icrs&rotation_angle=0.0&object=Alchiba&format=jpg,"('F', '1', 'V')",255,4.514093709702788,"[0.3429875611223421, 0.35614867592474786, 0.37327942472350634]"
Alcor,25.0563768479078,https://alasky.u-strasbg.fr/hips-image-services/hips2fits?hips=CDS%2FP%2FDSS2%2Fcolor&width=500&height=500&fov=1&projection=SIN&coordsys=icrs&rotation_angle=0.0&object=Alcor&format=jpg,"('A', '5', 'V')",255,12.300000000000004,"[0.38227411609915973, 0.4315093361868516, 0.4837494153316037]"
Alcyone,123.60939431396788,https://alasky.u-strasbg.fr/hips-image-services/hips2fits?hips=CDS%2FP%2FDSS2%2Fcolor&width=500&height=500&fov=1&projection=SIN&coordsys=icrs&rotation_angle=0.0&object=Alcyone&format=jpg,"('B', '7', 'III')",254,277.0391738897306,"[0.15530422400078878, 0.3794554467179, 0.604395813542514]"
Aldebaran,20.43318348998774,https://alasky.u-strasbg.fr/hips-image-services/hips2fits?hips=CDS%2FP%2FDSS2%2Fcolor&width=500&height=500&fov=1&projection=SIN&coordsys=icrs&rotation_angle=0.0&object=Aldebaran&format=jpg,"('K', '5', 'III')",255,110.00000000000004,"[0.5000739718652567, 0.4330873492096126, 0.36558784553468754]"
Alderamin,15.037593984962406,https://alasky.u-strasbg.fr/hips-image-services/hips2fits?hips=CDS%2FP%2FDSS2%2Fcolor&width=500&height=500&fov=1&projection=SIN&coordsys=icrs&rotation_angle=0.0&object=Alderamin&format=jpg,"('A', '8', 'V')",255,7.129999999999967,"[0.244105954422854, 0.33161796954255573, 0.4218752990776549]"
Aldhibah,100.70493454179255,https://alasky.u-strasbg.fr/hips-image-services/hips2fits?hips=CDS%2FP%2FDSS2%2Fcolor&width=500&height=500&fov=1&projection=SIN&coordsys=icrs&rotation_angle=0.0&object=Aldhibah&format=jpg,"('B', '6', 'III')",255,1040.6125678362878,"[0.26570349251456293, 0.352619980537967, 0.43979024023511626]"
Alfirk,210.0840336134454,https://alasky.u-strasbg.fr/hips-image-services/hips2fits?hips=CDS%2FP%2FDSS2%2Fcolor&width=500&height=500&fov=1&projection=SIN&coordsys=icrs&rotation_angle=0.0&object=Alfirk&format=jpg,"('B', '0.5', 'III')",255,52818.91602677635,"[0.18871968415115625, 0.3496138980126738, 0.49555111807836505]"
Algedi,33.42916360232667,https://alasky.u-strasbg.fr/hips-image-services/hips2fits?hips=CDS%2FP%2FDSS2%2Fcolor&width=500&height=500&fov=1&projection=SIN&coordsys=icrs&rotation_angle=0.0&object=Algedi&format=jpg,"('G', '9', 'III')",255,48.60557540706745,"[0.4113813368484649, 0.37705256220135114, 0.3334007799198111]"
Algieba,39.88831272437176,https://alasky.u-strasbg.fr/hips-image-services/hips2fits?hips=CDS%2FP%2FDSS2%2Fcolor&width=500&height=500&fov=1&projection=SIN&coordsys=icrs&rotation_angle=0.0&object=Algieba&format=jpg,"('K', '1', 'III')",255,58.00000000000003,"[0.3777365092181402, 0.3509444536797359, 0.32651420519762203]"
Algol,27.5709953129308,https://alasky.u-strasbg.fr/hips-image-services/hips2fits?hips=CDS%2FP%2FDSS2%2Fcolor&width=500&height=500&fov=1&projection=SIN&coordsys=icrs&rotation_angle=0.0&object=Algol&format=jpg,"('B', '8', 'V')",255,383.6866859166621,"[0.35783583170730954, 0.39711551087971736, 0.4389611942874933]"
Alioth,25.31004808909137,https://alasky.u-strasbg.fr/hips-image-services/hips2fits?hips=CDS%2FP%2FDSS2%2Fcolor&width=500&height=500&fov=1&projection=SIN&coordsys=icrs&rotation_angle=0.0&object=Alioth&format=jpg,"('A', '1', 'III')",255,129.0000000000001,"[0.30753837660254413, 0.410783274554016, 0.5169097383215076]"
Aljanah,23.16053259960766,https://alasky.u-strasbg.fr/hips-image-services/hips2fits?hips=CDS%2FP%2FDSS2%2Fcolor&width=500&height=500&fov=1&projection=SIN&coordsys=icrs&rotation_angle=0.0&object=Aljanah&format=jpg,"('K', '0', 'III')",255,50.00000000000002,"[0.3776308469117022, 0.3390045029120736, 0.30103649108523395]"
Alkaid,31.86743148502231,https://alasky.u-strasbg.fr/hips-image-services/hips2fits?hips=CDS%2FP%2FDSS2%2Fcolor&width=500&height=500&fov=1&projection=SIN&coordsys=icrs&rotation_angle=0.0&object=Alkaid&format=jpg,"('B', '3', 'V')",255,1447.5604552522673,"[0.23166274179823068, 0.3801989276891377, 0.5316174328885572]"
Alkaphrah,109.89010989010988,https://alasky.u-strasbg.fr/hips-image-services/hips2fits?hips=CDS%2FP%2FDSS2%2Fcolor&width=500&height=500&fov=1&projection=SIN&coordsys=icrs&rotation_angle=0.0&object=Alkaphrah&format=jpg,"('A', '1', 'V')",255,30.30000000000001,"[0.23095863477238165, 0.36421558286488775, 0.47902122103324135]"
Alkarab,53.4584974954694,https://alasky.u-strasbg.fr/hips-image-services/hips2fits?hips=CDS%2FP%2FDSS2%2Fcolor&width=500&height=500&fov=1&projection=SIN&coordsys=icrs&rotation_angle=0.0&object=Alkarab&format=jpg,"('F', '8', 'III')",255,42.45882963270786,"[0.255715511136704, 0.3106187732545593, 0.3662752906040465]"
Alkes,49.09348873058966,https://alasky.u-strasbg.fr/hips-image-services/hips2fits?hips=CDS%2FP%2FDSS2%2Fcolor&width=500&height=500&fov=1&projection=SIN&coordsys=icrs&rotation_angle=0.0&object=Alkes&format=jpg,"('K', '0', 'III')",255,50.00000000000002,"[0.37831439861984884, 0.3018405153442964, 0.20251999971756798]"
Almaaz,1012.2482032594392,https://alasky.u-strasbg.fr/hips-image-services/hips2fits?hips=CDS%2FP%2FDSS2%2Fcolor&width=500&height=500&fov=1&projection=SIN&coordsys=icrs&rotation_angle=0.0&object=Almaaz&format=jpg,"('A', '9', 'I')",255,28898.19993200597,"[0.3521869764071911, 0.3597052030974052, 0.36824752071729383]"
Alnair,30.96934035305048,https://alasky.u-strasbg.fr/hips-image-services/hips2fits?hips=CDS%2FP%2FDSS2%2Fcolor&width=500&height=500&fov=1&projection=SIN&coordsys=icrs&rotation_angle=0.0&object=Alnair&format=jpg,"('B', '6', 'V')",252,97.52120305816788,"[0.3520552142012109, 0.3921379368855214, 0.43091267238575687]"
Alnasl,29.700029700029702,https://alasky.u-strasbg.fr/hips-image-services/hips2fits?hips=CDS%2FP%2FDSS2%2Fcolor&width=500&height=500&fov=1&projection=SIN&coordsys=icrs&rotation_angle=0.0&object=Alnasl&format=jpg,"('K', '0', 'III')",253,50.00000000000002,"[0.2654397828057687, 0.3165498557608529, 0.3574312961096586]"
Alnilam,606.0606060606061,https://alasky.u-strasbg.fr/hips-image-services/hips2fits?hips=CDS%2FP%2FDSS2%2Fcolor&width=500&height=500&fov=1&projection=SIN&coordsys=icrs&rotation_angle=0.0&object=Alnilam&format=jpg,"('B', '0', 'I')",255,429984.9731916599,"[0.21828749951425935, 0.35245664178334496, 0.4889523143365184]"
Alnitak,225.7336343115124,https://alasky.u-strasbg.fr/hips-image-services/hips2fits?hips=CDS%2FP%2FDSS2%2Fcolor&width=500&height=500&fov=1&projection=SIN&coordsys=icrs&rotation_angle=0.0&object=Alnitak&format=jpg,"('O', '9.7', 'I')",255,552862.2758852125,"[0.38329384998214644, 0.40132560770208564, 0.4215816219716242]"
Alniyat,213.67521367521368,https://alasky.u-strasbg.fr/hips-image-services/hips2fits?hips=CDS%2FP%2FDSS2%2Fcolor&width=500&height=500&fov=1&projection=SIN&coordsys=icrs&rotation_angle=0.0&object=Alniyat&format=jpg,"('B', '1', 'III')",255,32015.43371869148,"[0.2985356117555795, 0.28193008526558117, 0.26661921606984723]"
Alphard,55.279159756771705,https://alasky.u-strasbg.fr/hips-image-services/hips2fits?hips=CDS%2FP%2FDSS2%2Fcolor&width=500&height=500&fov=1&projection=SIN&coordsys=icrs&rotation_angle=0.0&object=Alphard&format=jpg,"('K', '3', 'III')",232,79.00000000000003,"[0.48355806573321214, 0.3590426856963885, 0.23536761127340955]"
Alpherg,114.501631648251,https://alasky.u-strasbg.fr/hips-image-services/hips2fits?hips=CDS%2FP%2FDSS2%2Fcolor&width=500&height=500&fov=1&projection=SIN&coordsys=icrs&rotation_angle=0.0&object=Alpherg&format=jpg,"('G', '7', 'III')",255,40.426122002654566,"[0.35258379278006685, 0.35199763135481027, 0.35616232523741886]"
Alrakis,27.434842249657063,https://alasky.u-strasbg.fr/hips-image-services/hips2fits?hips=CDS%2FP%2FDSS2%2Fcolor&width=500&height=500&fov=1&projection=SIN&coordsys=icrs&rotation_angle=0.0&object=Alrakis&format=jpg,"('F', '6', 'V')",255,2.2729090902573703,"[0.24125026965041954, 0.32418062766507877, 0.4028653499616407]"
Alruba,142.3122900893721,https://alasky.u-strasbg.fr/hips-image-services/hips2fits?hips=CDS%2FP%2FDSS2%2Fcolor&width=500&height=500&fov=1&projection=SIN&coordsys=icrs&rotation_angle=0.0&object=Alruba&format=jpg,"('A', '2', 'V')",255,23.60000000000004,"[0.22192933108307214, 0.2364050659241435, 0.2513825396750358]"
Alsafi,5.7638914105913805,https://alasky.u-strasbg.fr/hips-image-services/hips2fits?hips=CDS%2FP%2FDSS2%2Fcolor&width=500&height=500&fov=1&projection=SIN&coordsys=icrs&rotation_angle=0.0&object=Alsafi&format=jpg,"('K', '0', 'V')",255,0.5520000000000003,"[0.2832260964087127, 0.2707569296375267, 0.2567438019984113]"
Alsciaukat,117.2332942555686,https://alasky.u-strasbg.fr/hips-image-services/hips2fits?hips=CDS%2FP%2FDSS2%2Fcolor&width=500&height=500&fov=1&projection=SIN&coordsys=icrs&rotation_angle=0.0&object=Alsciaukat&format=jpg,"('K', '4', 'III')",255,93.00000000000004,"[0.39285613336528596, 0.29937360591369105, 0.18407678458409374]"
Altair,5.12952038984355,https://alasky.u-strasbg.fr/hips-image-services/hips2fits?hips=CDS%2FP%2FDSS2%2Fcolor&width=500&height=500&fov=1&projection=SIN&coordsys=icrs&rotation_angle=0.0&object=Altair&format=jpg,"('A', '7', 'V')",255,8.149286787824618,"[0.3936066087313074, 0.43227197360865893, 0.47411729580509865]"
Altais,29.98509740658893,https://alasky.u-strasbg.fr/hips-image-services/hips2fits?hips=CDS%2FP%2FDSS2%2Fcolor&width=500&height=500&fov=1&projection=SIN&coordsys=icrs&rotation_angle=0.0&object=Altais&format=jpg,"('G', '9', 'III')",255,48.60557540706745,"[0.4149777315055816, 0.36164729018451036, 0.29745821042281223]"
Alterf,114.21392267717437,https://alasky.u-strasbg.fr/hips-image-services/hips2fits?hips=CDS%2FP%2FDSS2%2Fcolor&width=500&height=500&fov=1&projection=SIN&coordsys=icrs&rotation_angle=0.0&object=Alterf&format=jpg,"('K', '4.5', 'III')",255,101.09960937500004,"[0.350583878370916, 0.32694469916120783, 0.29191216577923906]"
Aludra,609.7560975609756,https://alasky.u-strasbg.fr/hips-image-services/hips2fits?hips=CDS%2FP%2FDSS2%2Fcolor&width=500&height=500&fov=1&projection=SIN&coordsys=icrs&rotation_angle=0.0&object=Aludra&format=jpg,"('B', '5', 'I')",255,79070.63444590615,"[0.32827009514654704, 0.34274848023639776, 0.35992158642848876]"
Alula Australis,8.833922261484098,https://alasky.u-strasbg.fr/hips-image-services/hips2fits?hips=CDS%2FP%2FDSS2%2Fcolor&width=500&height=500&fov=1&projection=SIN&coordsys=icrs&rotation_angle=0.0&object=Alula Australis&format=jpg,"('F', '8.5', 'V')",255,1.4651239780256151,"[0.34520639871068703, 0.3740839291042878, 0.4095166588972359]"
Alula Borealis,122.39902080783354,https://alasky.u-strasbg.fr/hips-image-services/hips2fits?hips=CDS%2FP%2FDSS2%2Fcolor&width=500&height=500&fov=1&projection=SIN&coordsys=icrs&rotation_angle=0.0&object=Alula Borealis&format=jpg,"('K', '3', 'III')",255,79.00000000000003,"[0.4030783814798184, 0.3805587431466791, 0.3467400644170589]"
Anadolu,174.6358841814816,https://alasky.u-strasbg.fr/hips-image-services/hips2fits?hips=CDS%2FP%2FDSS2%2Fcolor&width=500&height=500&fov=1&projection=SIN&coordsys=icrs&rotation_angle=0.0&object=Anadolu&format=jpg,"('K', '2', 'V')",255,0.3832619047619051,"[0.17167146921406062, 0.24167013742311827, 0.3233300952164594]"
Angetenar,59.54862144941345,https://alasky.u-strasbg.fr/hips-image-services/hips2fits?hips=CDS%2FP%2FDSS2%2Fcolor&width=500&height=500&fov=1&projection=SIN&coordsys=icrs&rotation_angle=0.0&object=Angetenar&format=jpg,"('K', '0', 'III')",255,50.00000000000002,"[0.3450989605502947, 0.2509884999014172, 0.14598878551514582]"
Aniara,122.41250566157838,https://alasky.u-strasbg.fr/hips-image-services/hips2fits?hips=CDS%2FP%2FDSS2%2Fcolor&width=500&height=500&fov=1&projection=SIN&coordsys=icrs&rotation_angle=0.0&object=Aniara&format=jpg,"('K', '0', 'III')",253,50.00000000000002,"[0.14174507223633562, 0.15515553272391622, 0.1803593168335644]"
Ankaa,25.97402597402597,https://alasky.u-strasbg.fr/hips-image-services/hips2fits?hips=CDS%2FP%2FDSS2%2Fcolor&width=500&height=500&fov=1&projection=SIN&coordsys=icrs&rotation_angle=0.0&object=Ankaa&format=jpg,"('K', '0.5', 'III')",252,53.83398437500003,"[0.4424442008361698, 0.3500095164605259, 0.25233610663157136]"
Anser,89.09638446871826,https://alasky.u-strasbg.fr/hips-image-services/hips2fits?hips=CDS%2FP%2FDSS2%2Fcolor&width=500&height=500&fov=1&projection=SIN&coordsys=icrs&rotation_angle=0.0&object=Anser&format=jpg,"('M', '0.5', 'III')",255,302.1892248376626,"[0.2342242242242242, 0.2122968066105321, 0.18963689179375454]"
Antares,169.77928692699493,https://alasky.u-strasbg.fr/hips-image-services/hips2fits?hips=CDS%2FP%2FDSS2%2Fcolor&width=500&height=500&fov=1&projection=SIN&coordsys=icrs&rotation_angle=0.0&object=Antares&format=jpg,"('M', '1.5', 'I')",232,65458.94717261878,"[0.5033149165404799, 0.37046779248417333, 0.23936706793743173]"
Arcturus,11.257458065968706,https://alasky.u-strasbg.fr/hips-image-services/hips2fits?hips=CDS%2FP%2FDSS2%2Fcolor&width=500&height=500&fov=1&projection=SIN&coordsys=icrs&rotation_angle=0.0&object=Arcturus&format=jpg,"('K', '1.5', 'III')",255,62.54101562500003,"[0.6946410518403535, 0.57940308321611, 0.4658182525684675]"
Arkab Posterior,41.13533525298232,https://alasky.u-strasbg.fr/hips-image-services/hips2fits?hips=CDS%2FP%2FDSS2%2Fcolor&width=500&height=500&fov=1&projection=SIN&coordsys=icrs&rotation_angle=0.0&object=Arkab Posterior&format=jpg,"('F', '2', 'V')",255,3.8900000000000015,"[0.21905655034584956, 0.2967293230870042, 0.37252874668194325]"
Arkab Prior,119.35737986679716,https://alasky.u-strasbg.fr/hips-image-services/hips2fits?hips=CDS%2FP%2FDSS2%2Fcolor&width=500&height=500&fov=1&projection=SIN&coordsys=icrs&rotation_angle=0.0&object=Arkab Prior&format=jpg,"('B', '9', 'V')",255,-14.66283156885038,"[0.22147181767726798, 0.30396147280123087, 0.38444116593251415]"
Arneb,680.2721088435375,https://alasky.u-strasbg.fr/hips-image-services/hips2fits?hips=CDS%2FP%2FDSS2%2Fcolor&width=500&height=500&fov=1&projection=SIN&coordsys=icrs&rotation_angle=0.0&object=Arneb&format=jpg,"('F', '0', 'I')",255,28800.000000000004,"[0.3675158652273471, 0.3625504435336451, 0.3539562431449518]"
Ascella,27.041644131963224,https://alasky.u-strasbg.fr/hips-image-services/hips2fits?hips=CDS%2FP%2FDSS2%2Fcolor&width=500&height=500&fov=1&projection=SIN&coordsys=icrs&rotation_angle=0.0&object=Ascella&format=jpg,"('A', '2.5', 'V')",255,20.971904828872415,"[0.22361065050118645, 0.3243685873457814, 0.4273798193723536]"
Asellus Australis,41.96901847056503,https://alasky.u-strasbg.fr/hips-image-services/hips2fits?hips=CDS%2FP%2FDSS2%2Fcolor&width=500&height=500&fov=1&projection=SIN&coordsys=icrs&rotation_angle=0.0&object=Asellus Australis&format=jpg,"('K', '0', 'III')",255,50.00000000000002,"[0.27371204132471383, 0.30472885358952023, 0.3428237222102703]"
Ashlesha,39.635354736424894,https://alasky.u-strasbg.fr/hips-image-services/hips2fits?hips=CDS%2FP%2FDSS2%2Fcolor&width=500&height=500&fov=1&projection=SIN&coordsys=icrs&rotation_angle=0.0&object=Ashlesha&format=jpg,"('G', '1', 'III')",255,29.93923632268104,"[0.32475271690925595, 0.19869499011385575, 0.08042666449132647]"
Aspidiske,234.7417840375587,https://alasky.u-strasbg.fr/hips-image-services/hips2fits?hips=CDS%2FP%2FDSS2%2Fcolor&width=500&height=500&fov=1&projection=SIN&coordsys=icrs&rotation_angle=0.0&object=Aspidiske&format=jpg,"('A', '7', 'I')",255,29429.541680832062,"[0.2973676436711519, 0.35294619022453483, 0.409020827404908]"
Asterope,136.88691771727375,https://alasky.u-strasbg.fr/hips-image-services/hips2fits?hips=CDS%2FP%2FDSS2%2Fcolor&width=500&height=500&fov=1&projection=SIN&coordsys=icrs&rotation_angle=0.0&object=Asterope&format=jpg,"('B', '8', 'V')",247,383.6866859166621,"[0.16645812300021906, 0.39638409742337866, 0.6268389141580611]"
Athebyne,27.99842088906185,https://alasky.u-strasbg.fr/hips-image-services/hips2fits?hips=CDS%2FP%2FDSS2%2Fcolor&width=500&height=500&fov=1&projection=SIN&coordsys=icrs&rotation_angle=0.0&object=Athebyne&format=jpg,"('G', '8', 'III')",255,44.00000000000003,"[0.37575774277853563, 0.3286432774093474, 0.2835139396587869]"
Atik,343.6426116838488,https://alasky.u-strasbg.fr/hips-image-services/hips2fits?hips=CDS%2FP%2FDSS2%2Fcolor&width=500&height=500&fov=1&projection=SIN&coordsys=icrs&rotation_angle=0.0&object=Atik&format=jpg,"('B', '1', 'III')",255,32015.43371869148,"[0.2961352558047789, 0.3580690314431054, 0.42045937508297965]"
Atlas,117.2332942555686,https://alasky.u-strasbg.fr/hips-image-services/hips2fits?hips=CDS%2FP%2FDSS2%2Fcolor&width=500&height=500&fov=1&projection=SIN&coordsys=icrs&rotation_angle=0.0&object=Atlas&format=jpg,"('B', '8', 'III')",255,793.1576471739827,"[0.14509512141806907, 0.31793927625489005, 0.492372706823829]"
Atria,119.76047904191616,https://alasky.u-strasbg.fr/hips-image-services/hips2fits?hips=CDS%2FP%2FDSS2%2Fcolor&width=500&height=500&fov=1&projection=SIN&coordsys=icrs&rotation_angle=0.0&object=Atria&format=jpg,"('K', '2', 'III')",243,67.51190476190479,"[0.42827648721565764, 0.31793998752049374, 0.2064768279884216]"
Avior,185.5287569573284,https://alasky.u-strasbg.fr/hips-image-services/hips2fits?hips=CDS%2FP%2FDSS2%2Fcolor&width=500&height=500&fov=1&projection=SIN&coordsys=icrs&rotation_angle=0.0&object=Avior&format=jpg,"('K', '3', 'III')",238,79.00000000000003,"[0.4888557585588662, 0.3860518227610347, 0.2817770141438288]"
Axolotl,94.52153200499072,https://alasky.u-strasbg.fr/hips-image-services/hips2fits?hips=CDS%2FP%2FDSS2%2Fcolor&width=500&height=500&fov=1&projection=SIN&coordsys=icrs&rotation_angle=0.0&object=Axolotl&format=jpg,"('G', '2', 'V')",255,1.0700000000000005,"[0.09211636085982333, 0.11224530477492574, 0.15125094475049783]"
Azelfafage,529.1005291005291,https://alasky.u-strasbg.fr/hips-image-services/hips2fits?hips=CDS%2FP%2FDSS2%2Fcolor&width=500&height=500&fov=1&projection=SIN&coordsys=icrs&rotation_angle=0.0&object=Azelfafage&format=jpg,"('B', '3', 'III')",255,5706.0602616667165,"[0.16458204733607742, 0.19628039813052742, 0.22825012397724698]"
Azha,41.291942290381456,https://alasky.u-strasbg.fr/hips-image-services/hips2fits?hips=CDS%2FP%2FDSS2%2Fcolor&width=500&height=500&fov=1&projection=SIN&coordsys=icrs&rotation_angle=0.0&object=Azha&format=jpg,"('K', '1', 'III')",255,58.00000000000003,"[0.3535166856111386, 0.3559816068688501, 0.35894046904246707]"
Azmidi,367.6470588235294,https://alasky.u-strasbg.fr/hips-image-services/hips2fits?hips=CDS%2FP%2FDSS2%2Fcolor&width=500&height=500&fov=1&projection=SIN&coordsys=icrs&rotation_angle=0.0&object=Azmidi&format=jpg,"('G', '6', 'I')",255,31898.500938560064,"[0.32782076508009317, 0.2633199609962324, 0.19468701086016185]"
Barnard's Star,1.828234114153841,https://alasky.u-strasbg.fr/hips-image-services/hips2fits?hips=CDS%2FP%2FDSS2%2Fcolor&width=500&height=500&fov=1&projection=SIN&coordsys=icrs&rotation_angle=0.0&object=Barnard's Star&format=jpg,"('M', '4', 'V')",12,0.0127476689976689,"[0.10787937080980897, 0.1275148832071747, 0.14546915865685509]"
Baten Kaitos,77.65783955890346,https://alasky.u-strasbg.fr/hips-image-services/hips2fits?hips=CDS%2FP%2FDSS2%2Fcolor&width=500&height=500&fov=1&projection=SIN&coordsys=icrs&rotation_angle=0.0&object=Baten Kaitos&format=jpg,"('K', '0.5', 'III')",255,53.83398437500003,"[0.37319078788580917, 0.3352412604628262, 0.28953886330504625]"
Beemim,89.87148377819716,https://alasky.u-strasbg.fr/hips-image-services/hips2fits?hips=CDS%2FP%2FDSS2%2Fcolor&width=500&height=500&fov=1&projection=SIN&coordsys=icrs&rotation_angle=0.0&object=Beemim&format=jpg,"('K', '3.5', 'III')",255,85.65299479166669,"[0.3924367288618696, 0.33981132400282327, 0.28006654812934834]"
Beid,38.29994216708733,https://alasky.u-strasbg.fr/hips-image-services/hips2fits?hips=CDS%2FP%2FDSS2%2Fcolor&width=500&height=500&fov=1&projection=SIN&coordsys=icrs&rotation_angle=0.0&object=Beid&format=jpg,"('F', '0', 'III')",255,27.00000000000001,"[0.28602813135152333, 0.2879740898283977, 0.2917721996689795]"
Belel,120.52258593260376,https://alasky.u-strasbg.fr/hips-image-services/hips2fits?hips=CDS%2FP%2FDSS2%2Fcolor&width=500&height=500&fov=1&projection=SIN&coordsys=icrs&rotation_angle=0.0&object=Belel&format=jpg,"('K', '0', 'III')",255,50.00000000000002,"[0.12653249801334293, 0.11150413039862504, 0.10193121546450813]"
Bellatrix,77.39938080495357,https://alasky.u-strasbg.fr/hips-image-services/hips2fits?hips=CDS%2FP%2FDSS2%2Fcolor&width=500&height=500&fov=1&projection=SIN&coordsys=icrs&rotation_angle=0.0&object=Bellatrix&format=jpg,"('B', '2', 'V')",255,2797.2653996597364,"[0.2893597520807914, 0.4169183901155795, 0.546437980942407]"
Betelgeuse,152.67175572519085,https://alasky.u-strasbg.fr/hips-image-services/hips2fits?hips=CDS%2FP%2FDSS2%2Fcolor&width=500&height=500&fov=1&projection=SIN&coordsys=icrs&rotation_angle=0.0&object=Betelgeuse&format=jpg,"('M', '1', 'I')",255,60368.83116883098,"[0.502044102366471, 0.38141510157188036, 0.2619110110362103]"
Bharani,50.78720162519045,https://alasky.u-strasbg.fr/hips-image-services/hips2fits?hips=CDS%2FP%2FDSS2%2Fcolor&width=500&height=500&fov=1&projection=SIN&coordsys=icrs&rotation_angle=0.0&object=Bharani&format=jpg,"('B', '8', 'V')",255,383.6866859166621,"[0.20880314586128992, 0.34182478073527994, 0.45858345648395077]"
Bibha,103.32393085562546,https://alasky.u-strasbg.fr/hips-image-services/hips2fits?hips=CDS%2FP%2FDSS2%2Fcolor&width=500&height=500&fov=1&projection=SIN&coordsys=icrs&rotation_angle=0.0&object=Bibha&format=jpg,"('G', '1', 'V')",247,1.1613427585400125,"[0.10348050927029168, 0.12009269273306081, 0.1498326805532642]"
Biham,27.19771104063882,https://alasky.u-strasbg.fr/hips-image-services/hips2fits?hips=CDS%2FP%2FDSS2%2Fcolor&width=500&height=500&fov=1&projection=SIN&coordsys=icrs&rotation_angle=0.0&object=Biham&format=jpg,"('A', '1', 'V')",255,30.30000000000001,"[0.3028832781730834, 0.33918841988415777, 0.3770332570102574]"
Bosona,147.8480713219096,https://alasky.u-strasbg.fr/hips-image-services/hips2fits?hips=CDS%2FP%2FDSS2%2Fcolor&width=500&height=500&fov=1&projection=SIN&coordsys=icrs&rotation_angle=0.0&object=Bosona&format=jpg,"('K', '0', 'III')",251,50.00000000000002,"[0.13743679163034003, 0.11282527309092774, 0.090569772808862]"
Botein,50.57375929924999,https://alasky.u-strasbg.fr/hips-image-services/hips2fits?hips=CDS%2FP%2FDSS2%2Fcolor&width=500&height=500&fov=1&projection=SIN&coordsys=icrs&rotation_angle=0.0&object=Botein&format=jpg,"('G', '9.5', 'III')",255,51.3861836088669,"[0.34115887396480427, 0.3421663426161718, 0.34324989807589595]"
Brachium,79.75308445054112,https://alasky.u-strasbg.fr/hips-image-services/hips2fits?hips=CDS%2FP%2FDSS2%2Fcolor&width=500&height=500&fov=1&projection=SIN&coordsys=icrs&rotation_angle=0.0&object=Brachium&format=jpg,"('M', '2.5', 'III')",255,558.8426339285717,"[0.4381593241899989, 0.35468458767911154, 0.25926924531406514]"
Bubup,38.04393313398312,https://alasky.u-strasbg.fr/hips-image-services/hips2fits?hips=CDS%2FP%2FDSS2%2Fcolor&width=500&height=500&fov=1&projection=SIN&coordsys=icrs&rotation_angle=0.0&object=Bubup&format=jpg,"('F', '9.5', 'V')",249,0.8465345718668811,"[0.18955928731015237, 0.23056409180976656, 0.2775319067706611]"
Bunda,54.84741449288081,https://alasky.u-strasbg.fr/hips-image-services/hips2fits?hips=CDS%2FP%2FDSS2%2Fcolor&width=500&height=500&fov=1&projection=SIN&coordsys=icrs&rotation_angle=0.0&object=Bunda&format=jpg,"('K', '0', 'III')",255,50.00000000000002,"[0.21593512526702868, 0.2690257163136075, 0.32001443820292963]"
Capella,13.123359580052492,https://alasky.u-strasbg.fr/hips-image-services/hips2fits?hips=CDS%2FP%2FDSS2%2Fcolor&width=500&height=500&fov=1&projection=SIN&coordsys=icrs&rotation_angle=0.0&object=Capella&format=jpg,"('G', '3', 'III')",255,32.22458187053508,"[0.5443867105896077, 0.5351092022260616, 0.523653747515999]"
Caph,16.784155756965426,https://alasky.u-strasbg.fr/hips-image-services/hips2fits?hips=CDS%2FP%2FDSS2%2Fcolor&width=500&height=500&fov=1&projection=SIN&coordsys=icrs&rotation_angle=0.0&object=Caph&format=jpg,"('F', '2', 'III')",255,24.000000000000004,"[0.27425652108369614, 0.3457260103407523, 0.42164941098218733]"
Castor,15.595757953836554,https://alasky.u-strasbg.fr/hips-image-services/hips2fits?hips=CDS%2FP%2FDSS2%2Fcolor&width=500&height=500&fov=1&projection=SIN&coordsys=icrs&rotation_angle=0.0&object=Castor&format=jpg,"('A', '1', 'V')",255,30.30000000000001,"[0.27819579157149604, 0.3982811593452693, 0.5203455906617405]"
Castula,60.07268795242244,https://alasky.u-strasbg.fr/hips-image-services/hips2fits?hips=CDS%2FP%2FDSS2%2Fcolor&width=500&height=500&fov=1&projection=SIN&coordsys=icrs&rotation_angle=0.0&object=Castula&format=jpg,"('G', '8.5', 'III')",255,46.15650048748618,"[0.38002567233336465, 0.32046659557971774, 0.2568334631683048]"
Cebalrai,25.49173557932518,https://alasky.u-strasbg.fr/hips-image-services/hips2fits?hips=CDS%2FP%2FDSS2%2Fcolor&width=500&height=500&fov=1&projection=SIN&coordsys=icrs&rotation_angle=0.0&object=Cebalrai&format=jpg,"('K', '2', 'III')",255,67.51190476190479,"[0.41177247171428094, 0.3547970338051959, 0.29545584109695905]"
Ceibo,37.65896791832523,https://alasky.u-strasbg.fr/hips-image-services/hips2fits?hips=CDS%2FP%2FDSS2%2Fcolor&width=500&height=500&fov=1&projection=SIN&coordsys=icrs&rotation_angle=0.0&object=Ceibo&format=jpg,"('K', '3', 'V')",255,0.3180000000000005,"[0.08478221435360872, 0.15262627068836662, 0.22202260452719388]"
Chalawan,13.88753871151416,https://alasky.u-strasbg.fr/hips-image-services/hips2fits?hips=CDS%2FP%2FDSS2%2Fcolor&width=500&height=500&fov=1&projection=SIN&coordsys=icrs&rotation_angle=0.0&object=Chalawan&format=jpg,"('G', '1', 'V')",255,1.1613427585400125,"[0.2218422790890623, 0.27688792033657195, 0.3396782412229397]"
Chamukuy,45.845272206303726,https://alasky.u-strasbg.fr/hips-image-services/hips2fits?hips=CDS%2FP%2FDSS2%2Fcolor&width=500&height=500&fov=1&projection=SIN&coordsys=icrs&rotation_angle=0.0&object=Chamukuy&format=jpg,"('A', '7', 'III')",255,35.25589872352654,"[0.25781170422714544, 0.3167394798828622, 0.3760423298107122]"
Chaophraya,182.2655609222637,https://alasky.u-strasbg.fr/hips-image-services/hips2fits?hips=CDS%2FP%2FDSS2%2Fcolor&width=500&height=500&fov=1&projection=SIN&coordsys=icrs&rotation_angle=0.0&object=Chaophraya&format=jpg,"('G', '9', 'V')",255,0.6792207941502474,"[0.13375609891207638, 0.21522821874530604, 0.32739857775902864]"
Chara,8.47266633114908,https://alasky.u-strasbg.fr/hips-image-services/hips2fits?hips=CDS%2FP%2FDSS2%2Fcolor&width=500&height=500&fov=1&projection=SIN&coordsys=icrs&rotation_angle=0.0&object=Chara&format=jpg,"('G', '0', 'V')",255,1.250000000000001,"[0.31910581860379406, 0.3458570524984187, 0.3820897269245519]"
Chason,310.71339796172015,https://alasky.u-strasbg.fr/hips-image-services/hips2fits?hips=CDS%2FP%2FDSS2%2Fcolor&width=500&height=500&fov=1&projection=SIN&coordsys=icrs&rotation_angle=0.0&object=Chason&format=jpg,"('G', '1', 'V')",255,1.1613427585400125,"[0.2515880431253272, 0.20301174880225833, 0.15536548515993082]"
Citala,29.91772625280479,https://alasky.u-strasbg.fr/hips-image-services/hips2fits?hips=CDS%2FP%2FDSS2%2Fcolor&width=500&height=500&fov=1&projection=SIN&coordsys=icrs&rotation_angle=0.0&object=Citala&format=jpg,"('G', '0', 'V')",246,1.250000000000001,"[0.2510566259907267, 0.19470801188961484, 0.12906924931147962]"
Cocibolca,34.10792429405124,https://alasky.u-strasbg.fr/hips-image-services/hips2fits?hips=CDS%2FP%2FDSS2%2Fcolor&width=500&height=500&fov=1&projection=SIN&coordsys=icrs&rotation_angle=0.0&object=Cocibolca&format=jpg,"('G', '7', 'V')",255,0.6773170163667406,"[0.08791700954380788, 0.09425858138720997, 0.1053384788551214]"
Cor Caroli,30.55982544227708,https://alasky.u-strasbg.fr/hips-image-services/hips2fits?hips=CDS%2FP%2FDSS2%2Fcolor&width=500&height=500&fov=1&projection=SIN&coordsys=icrs&rotation_angle=0.0&object=Cor Caroli&format=jpg,"('A', '0', 'V')",255,39.40000000000002,"[0.25353718655970064, 0.3565149934462189, 0.45738230159819065]"
Cujam,76.31607063815498,https://alasky.u-strasbg.fr/hips-image-services/hips2fits?hips=CDS%2FP%2FDSS2%2Fcolor&width=500&height=500&fov=1&projection=SIN&coordsys=icrs&rotation_angle=0.0&object=Cujam&format=jpg,"('A', '2', 'V')",255,23.60000000000004,"[0.18956239705700956, 0.299264252389003, 0.39873021862007413]"
Dalim,13.998994872168176,https://alasky.u-strasbg.fr/hips-image-services/hips2fits?hips=CDS%2FP%2FDSS2%2Fcolor&width=500&height=500&fov=1&projection=SIN&coordsys=icrs&rotation_angle=0.0&object=Dalim&format=jpg,"('F', '6', 'V')",255,2.2729090902573703,"[0.22376214979988565, 0.3116131907308378, 0.4000975347257256]"
Deneb,432.9004329004329,https://alasky.u-strasbg.fr/hips-image-services/hips2fits?hips=CDS%2FP%2FDSS2%2Fcolor&width=500&height=500&fov=1&projection=SIN&coordsys=icrs&rotation_angle=0.0&object=Deneb&format=jpg,"('A', '2', 'I')",255,33700.00000000004,"[0.3427416604790584, 0.41088977807111626, 0.4810709374914061]"
Deneb Algedi,11.866619200189866,https://alasky.u-strasbg.fr/hips-image-services/hips2fits?hips=CDS%2FP%2FDSS2%2Fcolor&width=500&height=500&fov=1&projection=SIN&coordsys=icrs&rotation_angle=0.0&object=Deneb Algedi&format=jpg,"('A', '5', 'III')",255,52.000000000000114,"[0.33814071352938935, 0.37111206624446785, 0.4085637406007042]"
Denebola,10.99989000109999,https://alasky.u-strasbg.fr/hips-image-services/hips2fits?hips=CDS%2FP%2FDSS2%2Fcolor&width=500&height=500&fov=1&projection=SIN&coordsys=icrs&rotation_angle=0.0&object=Denebola&format=jpg,"('A', '3', 'V')",255,18.72772093507272,"[0.24406870867651118, 0.36252619523368584, 0.4833002339295287]"
Diadem,17.825311942959,https://alasky.u-strasbg.fr/hips-image-services/hips2fits?hips=CDS%2FP%2FDSS2%2Fcolor&width=500&height=500&fov=1&projection=SIN&coordsys=icrs&rotation_angle=0.0&object=Diadem&format=jpg,"('F', '5', 'V')",255,2.5600000000000005,"[0.35627078135008267, 0.3812843089454212, 0.41706943528264545]"
Dingolay,139.3009876440024,https://alasky.u-strasbg.fr/hips-image-services/hips2fits?hips=CDS%2FP%2FDSS2%2Fcolor&width=500&height=500&fov=1&projection=SIN&coordsys=icrs&rotation_angle=0.0&object=Dingolay&format=jpg,"('G', '6', 'V')",246,0.7296396063377997,"[0.1278761579147307, 0.13967018523979163, 0.17396528181791615]"
Diphda,29.53337271116361,https://alasky.u-strasbg.fr/hips-image-services/hips2fits?hips=CDS%2FP%2FDSS2%2Fcolor&width=500&height=500&fov=1&projection=SIN&coordsys=icrs&rotation_angle=0.0&object=Diphda&format=jpg,"('G', '9.5', 'III')",242,51.3861836088669,"[0.4586420820448021, 0.35363681707844247, 0.24330939159157164]"
Dofida,37.67485843671943,https://alasky.u-strasbg.fr/hips-image-services/hips2fits?hips=CDS%2FP%2FDSS2%2Fcolor&width=500&height=500&fov=1&projection=SIN&coordsys=icrs&rotation_angle=0.0&object=Dofida&format=jpg,"('G', '0', 'V')",254,1.250000000000001,"[0.12661478724604058, 0.1255481979151562, 0.12298107958603875]"
Dombay,134.84539974918758,https://alasky.u-strasbg.fr/hips-image-services/hips2fits?hips=CDS%2FP%2FDSS2%2Fcolor&width=500&height=500&fov=1&projection=SIN&coordsys=icrs&rotation_angle=0.0&object=Dombay&format=jpg,"('K', '1', 'V')",255,0.4610000000000005,"[0.27086907193101883, 0.1932027923490703, 0.10848089269744658]"
Dubhe,37.67897513187641,https://alasky.u-strasbg.fr/hips-image-services/hips2fits?hips=CDS%2FP%2FDSS2%2Fcolor&width=500&height=500&fov=1&projection=SIN&coordsys=icrs&rotation_angle=0.0&object=Dubhe&format=jpg,"('G', '9', 'III')",255,48.60557540706745,"[0.4162924735111436, 0.3661428774408314, 0.31845400479032193]"
Ebla,28.821932337631644,https://alasky.u-strasbg.fr/hips-image-services/hips2fits?hips=CDS%2FP%2FDSS2%2Fcolor&width=500&height=500&fov=1&projection=SIN&coordsys=icrs&rotation_angle=0.0&object=Ebla&format=jpg,"('K', '3', 'V')",255,0.3180000000000005,"[0.13670889642853434, 0.2130589031286512, 0.34913966488720205]"
Edasich,31.02699348433137,https://alasky.u-strasbg.fr/hips-image-services/hips2fits?hips=CDS%2FP%2FDSS2%2Fcolor&width=500&height=500&fov=1&projection=SIN&coordsys=icrs&rotation_angle=0.0&object=Edasich&format=jpg,"('K', '2', 'III')",255,67.51190476190479,"[0.46315608304234573, 0.3390264442512532, 0.20858793750210136]"
Electra,124.06947890818856,https://alasky.u-strasbg.fr/hips-image-services/hips2fits?hips=CDS%2FP%2FDSS2%2Fcolor&width=500&height=500&fov=1&projection=SIN&coordsys=icrs&rotation_angle=0.0&object=Electra&format=jpg,"('B', '6', 'III')",251,1040.6125678362878,"[0.16518767596748743, 0.40127086611864804, 0.6380373781380978]"
Elkurud,239.6300112626105,https://alasky.u-strasbg.fr/hips-image-services/hips2fits?hips=CDS%2FP%2FDSS2%2Fcolor&width=500&height=500&fov=1&projection=SIN&coordsys=icrs&rotation_angle=0.0&object=Elkurud&format=jpg,"('B', '7', 'III')",255,277.0391738897306,"[0.22392354938722342, 0.2704683825417848, 0.3184645418821582]"
Elnath,41.05090311986864,https://alasky.u-strasbg.fr/hips-image-services/hips2fits?hips=CDS%2FP%2FDSS2%2Fcolor&width=500&height=500&fov=1&projection=SIN&coordsys=icrs&rotation_angle=0.0&object=Elnath&format=jpg,"('B', '7', 'III')",255,277.0391738897306,"[0.24764750574291408, 0.39003780937994403, 0.5345502054339438]"
Eltanin,47.30368968779565,https://alasky.u-strasbg.fr/hips-image-services/hips2fits?hips=CDS%2FP%2FDSS2%2Fcolor&width=500&height=500&fov=1&projection=SIN&coordsys=icrs&rotation_angle=0.0&object=Eltanin&format=jpg,"('K', '5', 'III')",255,110.00000000000004,"[0.4684018378807646, 0.3505501919186189, 0.23311066991888366]"
Enif,211.41649048625789,https://alasky.u-strasbg.fr/hips-image-services/hips2fits?hips=CDS%2FP%2FDSS2%2Fcolor&width=500&height=500&fov=1&projection=SIN&coordsys=icrs&rotation_angle=0.0&object=Enif&format=jpg,"('K', '2', 'I')",255,34963.095238095244,"[0.4555933331253834, 0.36583162539166453, 0.27580520963493166]"
Epsilon Eridani,3.219810333852474,https://alasky.u-strasbg.fr/hips-image-services/hips2fits?hips=CDS%2FP%2FDSS2%2Fcolor&width=500&height=500&fov=1&projection=SIN&coordsys=icrs&rotation_angle=0.0&object=Epsilon Eridani&format=jpg,"('K', '2', 'V')",255,0.3832619047619051,"[0.39226020600212164, 0.3581083393217671, 0.3126684460869863]"
Epsilon Tauri,44.71192109240165,https://alasky.u-strasbg.fr/hips-image-services/hips2fits?hips=CDS%2FP%2FDSS2%2Fcolor&width=500&height=500&fov=1&projection=SIN&coordsys=icrs&rotation_angle=0.0&object=Epsilon Tauri&format=jpg,"('G', '9.5', 'III')",255,51.3861836088669,"[0.38484573301216535, 0.32191363760143143, 0.2539043298072642]"
Errai,13.789927009916337,https://alasky.u-strasbg.fr/hips-image-services/hips2fits?hips=CDS%2FP%2FDSS2%2Fcolor&width=500&height=500&fov=1&projection=SIN&coordsys=icrs&rotation_angle=0.0&object=Errai&format=jpg,"('K', '1', 'III')",255,58.00000000000003,"[0.35407410857561733, 0.31927947469921736, 0.2803119777405901]"
Fafnir,90.44862518089724,https://alasky.u-strasbg.fr/hips-image-services/hips2fits?hips=CDS%2FP%2FDSS2%2Fcolor&width=500&height=500&fov=1&projection=SIN&coordsys=icrs&rotation_angle=0.0&object=Fafnir&format=jpg,"('K', '1.5', 'III')",255,62.54101562500003,"[0.31858663822176864, 0.286398070282996, 0.24163893643486672]"
Fang,179.53321364452424,https://alasky.u-strasbg.fr/hips-image-services/hips2fits?hips=CDS%2FP%2FDSS2%2Fcolor&width=500&height=500&fov=1&projection=SIN&coordsys=icrs&rotation_angle=0.0&object=Fang&format=jpg,"('B', '1', 'V')",255,10131.339904729502,"[0.22031091040884065, 0.32247347502951124, 0.4202327293282403]"
Felis,176.0904400500097,https://alasky.u-strasbg.fr/hips-image-services/hips2fits?hips=CDS%2FP%2FDSS2%2Fcolor&width=500&height=500&fov=1&projection=SIN&coordsys=icrs&rotation_angle=0.0&object=Felis&format=jpg,"('K', '5', 'III')",254,110.00000000000004,"[0.37773423766303366, 0.2727741917866201, 0.14693013745856956]"
Felixvarela,34.51572709104904,https://alasky.u-strasbg.fr/hips-image-services/hips2fits?hips=CDS%2FP%2FDSS2%2Fcolor&width=500&height=500&fov=1&projection=SIN&coordsys=icrs&rotation_angle=0.0&object=Felixvarela&format=jpg,"('K', '4', 'V')",253,0.2630000000000007,"[0.181078583259578, 0.17040525003951637, 0.15559564686626165]"
Flegetonte,29.35702249335064,https://alasky.u-strasbg.fr/hips-image-services/hips2fits?hips=CDS%2FP%2FDSS2%2Fcolor&width=500&height=500&fov=1&projection=SIN&coordsys=icrs&rotation_angle=0.0&object=Flegetonte&format=jpg,"('K', '0', 'V')",250,0.5520000000000003,"[0.19073589648972933, 0.19467372495100987, 0.21373547356555408]"
Fomalhaut,7.7035667514059005,https://alasky.u-strasbg.fr/hips-image-services/hips2fits?hips=CDS%2FP%2FDSS2%2Fcolor&width=500&height=500&fov=1&projection=SIN&coordsys=icrs&rotation_angle=0.0&object=Fomalhaut&format=jpg,"('A', '4', 'V')",233,15.118020162782967,"[0.33710302939614173, 0.40985967697410686, 0.48675220033189515]"
Formosa,138.22655332089295,https://alasky.u-strasbg.fr/hips-image-services/hips2fits?hips=CDS%2FP%2FDSS2%2Fcolor&width=500&height=500&fov=1&projection=SIN&coordsys=icrs&rotation_angle=0.0&object=Formosa&format=jpg,"('G', '9', 'III')",255,48.60557540706745,"[0.23983468456513737, 0.21246260926143123, 0.16250607126855982]"
Franz,224.85553032176824,https://alasky.u-strasbg.fr/hips-image-services/hips2fits?hips=CDS%2FP%2FDSS2%2Fcolor&width=500&height=500&fov=1&projection=SIN&coordsys=icrs&rotation_angle=0.0&object=Franz&format=jpg,"('F', '5', 'V')",240,2.5600000000000005,"[0.07368939061967461, 0.11312858358431464, 0.16024792085451892]"
Fumalsamakah,125.15644555694615,https://alasky.u-strasbg.fr/hips-image-services/hips2fits?hips=CDS%2FP%2FDSS2%2Fcolor&width=500&height=500&fov=1&projection=SIN&coordsys=icrs&rotation_angle=0.0&object=Fumalsamakah&format=jpg,"('B', '6', 'V')",255,97.52120305816788,"[0.1541886304809185, 0.29789937238845876, 0.4223614612588745]"
Funi,67.94678407870956,https://alasky.u-strasbg.fr/hips-image-services/hips2fits?hips=CDS%2FP%2FDSS2%2Fcolor&width=500&height=500&fov=1&projection=SIN&coordsys=icrs&rotation_angle=0.0&object=Funi&format=jpg,"('G', '0', 'V')",255,1.250000000000001,"[0.21443046343932726, 0.20703237670199798, 0.19291927519163618]"
Furud,111.11111111111111,https://alasky.u-strasbg.fr/hips-image-services/hips2fits?hips=CDS%2FP%2FDSS2%2Fcolor&width=500&height=500&fov=1&projection=SIN&coordsys=icrs&rotation_angle=0.0&object=Furud&format=jpg,"('B', '2.5', 'V')",255,1755.5633232950568,"[0.3323541169292308, 0.3783812483523991, 0.427042561012286]"
Fuyue,40.430177084175625,https://alasky.u-strasbg.fr/hips-image-services/hips2fits?hips=CDS%2FP%2FDSS2%2Fcolor&width=500&height=500&fov=1&projection=SIN&coordsys=icrs&rotation_angle=0.0&object=Fuyue&format=jpg,"('K', '2', 'III')",255,67.51190476190479,"[0.3339531335604137, 0.24822343738774633, 0.16615499557520585]"
Gacrux,27.15177844148792,https://alasky.u-strasbg.fr/hips-image-services/hips2fits?hips=CDS%2FP%2FDSS2%2Fcolor&width=500&height=500&fov=1&projection=SIN&coordsys=icrs&rotation_angle=0.0&object=Gacrux&format=jpg,"('M', '3.5', 'III')",236,736.3113839285721,"[0.45679890283533586, 0.3464107808353955, 0.23705383461037735]"
Giausar,115.66309653242038,https://alasky.u-strasbg.fr/hips-image-services/hips2fits?hips=CDS%2FP%2FDSS2%2Fcolor&width=500&height=500&fov=1&projection=SIN&coordsys=icrs&rotation_angle=0.0&object=Giausar&format=jpg,"('M', '0', 'III')",255,256.00432900432907,"[0.3542168232800041, 0.33115578442375826, 0.30453445126647744]"
Gienah,47.10315591144607,https://alasky.u-strasbg.fr/hips-image-services/hips2fits?hips=CDS%2FP%2FDSS2%2Fcolor&width=500&height=500&fov=1&projection=SIN&coordsys=icrs&rotation_angle=0.0&object=Gienah&format=jpg,"('B', '8', 'III')",255,793.1576471739827,"[0.29352114385406003, 0.3648377138089278, 0.43827086888914174]"
Ginan,70.42303114810667,https://alasky.u-strasbg.fr/hips-image-services/hips2fits?hips=CDS%2FP%2FDSS2%2Fcolor&width=500&height=500&fov=1&projection=SIN&coordsys=icrs&rotation_angle=0.0&object=Ginan&format=jpg,"('K', '3', 'III')",255,79.00000000000003,"[0.20485375208072687, 0.16995813595389073, 0.13559219179400536]"
Gloas,230.8935580697298,https://alasky.u-strasbg.fr/hips-image-services/hips2fits?hips=CDS%2FP%2FDSS2%2Fcolor&width=500&height=500&fov=1&projection=SIN&coordsys=icrs&rotation_angle=0.0&object=Gloas&format=jpg,"('G', '1', 'V')",252,1.1613427585400125,"[0.4177900416340729, 0.3273796322562344, 0.23208908679161663]"
Gomeisa,49.578582052553294,https://alasky.u-strasbg.fr/hips-image-services/hips2fits?hips=CDS%2FP%2FDSS2%2Fcolor&width=500&height=500&fov=1&projection=SIN&coordsys=icrs&rotation_angle=0.0&object=Gomeisa&format=jpg,"('B', '8', 'V')",255,383.6866859166621,"[0.21856235558196344, 0.33484056248762134, 0.44987535485574703]"
Grumium,34.41120704190941,https://alasky.u-strasbg.fr/hips-image-services/hips2fits?hips=CDS%2FP%2FDSS2%2Fcolor&width=500&height=500&fov=1&projection=SIN&coordsys=icrs&rotation_angle=0.0&object=Grumium&format=jpg,"('K', '2', 'III')",255,67.51190476190479,"[0.3081419735651076, 0.2270472437150595, 0.13197044404362374]"
Gudja,117.09601873536302,https://alasky.u-strasbg.fr/hips-image-services/hips2fits?hips=CDS%2FP%2FDSS2%2Fcolor&width=500&height=500&fov=1&projection=SIN&coordsys=icrs&rotation_angle=0.0&object=Gudja&format=jpg,"('M', '0.5', 'III')",255,302.1892248376626,"[0.3926663647719492, 0.32029541929457267, 0.22569102169485444]"
Gumala,27.53948473624058,https://alasky.u-strasbg.fr/hips-image-services/hips2fits?hips=CDS%2FP%2FDSS2%2Fcolor&width=500&height=500&fov=1&projection=SIN&coordsys=icrs&rotation_angle=0.0&object=Gumala&format=jpg,"('F', '8', 'V')",255,1.6800000000000024,"[0.17860463150777553, 0.17127493238674782, 0.1627176301555105]"
Guniibuu,5.933309600094933,https://alasky.u-strasbg.fr/hips-image-services/hips2fits?hips=CDS%2FP%2FDSS2%2Fcolor&width=500&height=500&fov=1&projection=SIN&coordsys=icrs&rotation_angle=0.0&object=Guniibuu&format=jpg,"('K', '2', 'V')",254,0.3832619047619051,"[0.2537426338780244, 0.18924734180016006, 0.12811708611858744]"
Hadar,120.19230769230768,https://alasky.u-strasbg.fr/hips-image-services/hips2fits?hips=CDS%2FP%2FDSS2%2Fcolor&width=500&height=500&fov=1&projection=SIN&coordsys=icrs&rotation_angle=0.0&object=Hadar&format=jpg,"('B', '1', 'III')",226,32015.43371869148,"[0.28034771951534315, 0.3988128862730063, 0.5207212017798704]"
Haedus,71.32260641332877,https://alasky.u-strasbg.fr/hips-image-services/hips2fits?hips=CDS%2FP%2FDSS2%2Fcolor&width=500&height=500&fov=1&projection=SIN&coordsys=icrs&rotation_angle=0.0&object=Haedus&format=jpg,"('B', '3', 'V')",255,1447.5604552522673,"[0.20541718422275226, 0.3086665616975451, 0.40466315603271147]"
Hamal,20.177562550443906,https://alasky.u-strasbg.fr/hips-image-services/hips2fits?hips=CDS%2FP%2FDSS2%2Fcolor&width=500&height=500&fov=1&projection=SIN&coordsys=icrs&rotation_angle=0.0&object=Hamal&format=jpg,"('K', '2', 'III')",255,67.51190476190479,"[0.43493219851345455, 0.42286301946684807, 0.4109391225151999]"
Hatysa,714.2857142857143,https://alasky.u-strasbg.fr/hips-image-services/hips2fits?hips=CDS%2FP%2FDSS2%2Fcolor&width=500&height=500&fov=1&projection=SIN&coordsys=icrs&rotation_angle=0.0&object=Hatysa&format=jpg,"('O', '9', 'III')",219,157929.34054510947,"[0.600514839377813, 0.5346073705670707, 0.4704273367547115]"
Heze,22.85886706883033,https://alasky.u-strasbg.fr/hips-image-services/hips2fits?hips=CDS%2FP%2FDSS2%2Fcolor&width=500&height=500&fov=1&projection=SIN&coordsys=icrs&rotation_angle=0.0&object=Heze&format=jpg,"('A', '2', 'V')",255,23.60000000000004,"[0.2197405032992306, 0.3325707348129285, 0.43743010418363165]"
Homam,62.65664160401002,https://alasky.u-strasbg.fr/hips-image-services/hips2fits?hips=CDS%2FP%2FDSS2%2Fcolor&width=500&height=500&fov=1&projection=SIN&coordsys=icrs&rotation_angle=0.0&object=Homam&format=jpg,"('B', '8', 'V')",255,383.6866859166621,"[0.2795993659679272, 0.35680330459121484, 0.4354596481723925]"
Hunahpu,113.16697787585584,https://alasky.u-strasbg.fr/hips-image-services/hips2fits?hips=CDS%2FP%2FDSS2%2Fcolor&width=500&height=500&fov=1&projection=SIN&coordsys=icrs&rotation_angle=0.0&object=Hunahpu&format=jpg,"('K', '0', 'III')",254,50.00000000000002,"[0.13696312983172412, 0.14611872616893573, 0.15784253584003052]"
Hunor,128.5165336520543,https://alasky.u-strasbg.fr/hips-image-services/hips2fits?hips=CDS%2FP%2FDSS2%2Fcolor&width=500&height=500&fov=1&projection=SIN&coordsys=icrs&rotation_angle=0.0&object=Hunor&format=jpg,"('F', '8', 'V')",252,1.6800000000000024,"[0.16667556776277306, 0.15748751727236507, 0.14331485296236957]"
Inquill,55.66193169167743,https://alasky.u-strasbg.fr/hips-image-services/hips2fits?hips=CDS%2FP%2FDSS2%2Fcolor&width=500&height=500&fov=1&projection=SIN&coordsys=icrs&rotation_angle=0.0&object=Inquill&format=jpg,"('G', '1', 'V')",250,1.1613427585400125,"[0.12614396204775558, 0.10878530614760462, 0.09476667215817439]"
Intan,47.71880263980417,https://alasky.u-strasbg.fr/hips-image-services/hips2fits?hips=CDS%2FP%2FDSS2%2Fcolor&width=500&height=500&fov=1&projection=SIN&coordsys=icrs&rotation_angle=0.0&object=Intan&format=jpg,"('K', '3', 'III')",255,79.00000000000003,"[0.15943184502716748, 0.13993975903614458, 0.11352862430112606]"
Intercrus,84.62886013388285,https://alasky.u-strasbg.fr/hips-image-services/hips2fits?hips=CDS%2FP%2FDSS2%2Fcolor&width=500&height=500&fov=1&projection=SIN&coordsys=icrs&rotation_angle=0.0&object=Intercrus&format=jpg,"('K', '0', 'III')",255,50.00000000000002,"[0.3288206246719428, 0.30930518963194736, 0.28115129617644513]"
Itonda,44.90587728121857,https://alasky.u-strasbg.fr/hips-image-services/hips2fits?hips=CDS%2FP%2FDSS2%2Fcolor&width=500&height=500&fov=1&projection=SIN&coordsys=icrs&rotation_angle=0.0&object=Itonda&format=jpg,"('G', '1', 'V')",255,1.1613427585400125,"[0.2356199939679289, 0.22709057317317644, 0.21916623773945423]"
Jabbah,145.34883720930233,https://alasky.u-strasbg.fr/hips-image-services/hips2fits?hips=CDS%2FP%2FDSS2%2Fcolor&width=500&height=500&fov=1&projection=SIN&coordsys=icrs&rotation_angle=0.0&object=Jabbah&format=jpg,"('B', '2', 'V')",255,2797.2653996597364,"[0.1448609927026447, 0.27147200913689135, 0.4006324434506618]"
Kaffaljidhma,24.4081034903588,https://alasky.u-strasbg.fr/hips-image-services/hips2fits?hips=CDS%2FP%2FDSS2%2Fcolor&width=500&height=500&fov=1&projection=SIN&coordsys=icrs&rotation_angle=0.0&object=Kaffaljidhma&format=jpg,"('A', '2', 'V')",255,23.60000000000004,"[0.3300067342709007, 0.3706604815984413, 0.4124279988754421]"
Kalausi,40.85067444463508,https://alasky.u-strasbg.fr/hips-image-services/hips2fits?hips=CDS%2FP%2FDSS2%2Fcolor&width=500&height=500&fov=1&projection=SIN&coordsys=icrs&rotation_angle=0.0&object=Kalausi&format=jpg,"('K', '0', 'V')",255,0.5520000000000003,"[0.20258316911810068, 0.18237943335764806, 0.15556499112693384]"
Kamuy,135.37845045825603,https://alasky.u-strasbg.fr/hips-image-services/hips2fits?hips=CDS%2FP%2FDSS2%2Fcolor&width=500&height=500&fov=1&projection=SIN&coordsys=icrs&rotation_angle=0.0&object=Kamuy&format=jpg,"('K', '0', 'III')",255,50.00000000000002,"[0.1985674057390935, 0.16865191333577956, 0.1369292995752829]"
Kang,86.2976578815651,https://alasky.u-strasbg.fr/hips-image-services/hips2fits?hips=CDS%2FP%2FDSS2%2Fcolor&width=500&height=500&fov=1&projection=SIN&coordsys=icrs&rotation_angle=0.0&object=Kang&format=jpg,"('K', '2.5', 'III')",255,72.9757254464286,"[0.3233492389486627, 0.3073085223899067, 0.27757648829898474]"
Kaus Borealis,23.969319271332694,https://alasky.u-strasbg.fr/hips-image-services/hips2fits?hips=CDS%2FP%2FDSS2%2Fcolor&width=500&height=500&fov=1&projection=SIN&coordsys=icrs&rotation_angle=0.0&object=Kaus Borealis&format=jpg,"('K', '1', 'III')",255,58.00000000000003,"[0.16464070867796057, 0.21439240136860535, 0.2676875466095832]"
Kaus Media,127.440485293368,https://alasky.u-strasbg.fr/hips-image-services/hips2fits?hips=CDS%2FP%2FDSS2%2Fcolor&width=500&height=500&fov=1&projection=SIN&coordsys=icrs&rotation_angle=0.0&object=Kaus Media&format=jpg,"('K', '2.5', 'III')",254,72.9757254464286,"[0.28835575598736046, 0.29626854394863084, 0.28794699350657205]"
Keid,5.009819245721614,https://alasky.u-strasbg.fr/hips-image-services/hips2fits?hips=CDS%2FP%2FDSS2%2Fcolor&width=500&height=500&fov=1&projection=SIN&coordsys=icrs&rotation_angle=0.0&object=Keid&format=jpg,"('K', '0', 'V')",251,0.5520000000000003,"[0.3507808176440801, 0.276091663178424, 0.18883950477928438]"
Khambalia,54.2752624208938,https://alasky.u-strasbg.fr/hips-image-services/hips2fits?hips=CDS%2FP%2FDSS2%2Fcolor&width=500&height=500&fov=1&projection=SIN&coordsys=icrs&rotation_angle=0.0&object=Khambalia&format=jpg,"('A', '1', 'V')",255,30.30000000000001,"[0.20641482555171187, 0.29232646697698517, 0.3725564911599087]"
Kochab,40.14452027298274,https://alasky.u-strasbg.fr/hips-image-services/hips2fits?hips=CDS%2FP%2FDSS2%2Fcolor&width=500&height=500&fov=1&projection=SIN&coordsys=icrs&rotation_angle=0.0&object=Kochab&format=jpg,"('K', '4', 'III')",255,93.00000000000004,"[0.4592497654312188, 0.35214249946989473, 0.24555686606245872]"
Koeia,23.42309845430973,https://alasky.u-strasbg.fr/hips-image-services/hips2fits?hips=CDS%2FP%2FDSS2%2Fcolor&width=500&height=500&fov=1&projection=SIN&coordsys=icrs&rotation_angle=0.0&object=Koeia&format=jpg,"('K', '5', 'V')",255,0.2160000000000006,"[0.10800110092647032, 0.11136610195992756, 0.14018113881633268]"
Kornephoros,42.66211604095562,https://alasky.u-strasbg.fr/hips-image-services/hips2fits?hips=CDS%2FP%2FDSS2%2Fcolor&width=500&height=500&fov=1&projection=SIN&coordsys=icrs&rotation_angle=0.0&object=Kornephoros&format=jpg,"('G', '7', 'III')",255,40.426122002654566,"[0.4183238995519068, 0.3792460459813552, 0.3421387436777234]"
Kurhah,29.59455460195324,https://alasky.u-strasbg.fr/hips-image-services/hips2fits?hips=CDS%2FP%2FDSS2%2Fcolor&width=500&height=500&fov=1&projection=SIN&coordsys=icrs&rotation_angle=0.0&object=Kurhah&format=jpg,"('A', '7', 'V')",255,8.149286787824618,"[0.23528745600041875, 0.3269310150803026, 0.4132616730487621]"
Larawag,19.535065442469232,https://alasky.u-strasbg.fr/hips-image-services/hips2fits?hips=CDS%2FP%2FDSS2%2Fcolor&width=500&height=500&fov=1&projection=SIN&coordsys=icrs&rotation_angle=0.0&object=Larawag&format=jpg,"('K', '1', 'III')",254,58.00000000000003,"[0.3786174000869931, 0.35272010596443115, 0.32449464157137975]"
Libertas,57.08316446230513,https://alasky.u-strasbg.fr/hips-image-services/hips2fits?hips=CDS%2FP%2FDSS2%2Fcolor&width=500&height=500&fov=1&projection=SIN&coordsys=icrs&rotation_angle=0.0&object=Libertas&format=jpg,"('G', '9.5', 'III')",255,51.3861836088669,"[0.23337531224335234, 0.22879343676961583, 0.22609735445992565]"
Liesma,92.04458639765102,https://alasky.u-strasbg.fr/hips-image-services/hips2fits?hips=CDS%2FP%2FDSS2%2Fcolor&width=500&height=500&fov=1&projection=SIN&coordsys=icrs&rotation_angle=0.0&object=Liesma&format=jpg,"('G', '0', 'V')",255,1.250000000000001,"[0.15446086006703807, 0.15221740767835576, 0.15119668590079346]"
Lilii Borea,52.52376700456957,https://alasky.u-strasbg.fr/hips-image-services/hips2fits?hips=CDS%2FP%2FDSS2%2Fcolor&width=500&height=500&fov=1&projection=SIN&coordsys=icrs&rotation_angle=0.0&object=Lilii Borea&format=jpg,"('K', '0.5', 'III')",255,53.83398437500003,"[0.3498837111831908, 0.33139542317905357, 0.29860467627381365]"
Maasym,120.56472517270898,https://alasky.u-strasbg.fr/hips-image-services/hips2fits?hips=CDS%2FP%2FDSS2%2Fcolor&width=500&height=500&fov=1&projection=SIN&coordsys=icrs&rotation_angle=0.0&object=Maasym&format=jpg,"('K', '3.5', 'III')",255,85.65299479166669,"[0.3596951088127559, 0.27782417582417585, 0.18256000861883215]"
Mago,121.66634222308738,https://alasky.u-strasbg.fr/hips-image-services/hips2fits?hips=CDS%2FP%2FDSS2%2Fcolor&width=500&height=500&fov=1&projection=SIN&coordsys=icrs&rotation_angle=0.0&object=Mago&format=jpg,"('K', '1', 'III')",255,58.00000000000003,"[0.21180529231805983, 0.2027621749734848, 0.19010954508731825]"
Mahasim,50.76142131979696,https://alasky.u-strasbg.fr/hips-image-services/hips2fits?hips=CDS%2FP%2FDSS2%2Fcolor&width=500&height=500&fov=1&projection=SIN&coordsys=icrs&rotation_angle=0.0&object=Mahasim&format=jpg,"('A', '0', 'V')",255,39.40000000000002,"[0.20945008651677932, 0.30934696436994735, 0.4111331390223885]"
Maia,117.50881316098707,https://alasky.u-strasbg.fr/hips-image-services/hips2fits?hips=CDS%2FP%2FDSS2%2Fcolor&width=500&height=500&fov=1&projection=SIN&coordsys=icrs&rotation_angle=0.0&object=Maia&format=jpg,"('B', '8', 'III')",255,793.1576471739827,"[0.16427674491075692, 0.40152642752865647, 0.6391908688107932]"
Markab,40.883074407195416,https://alasky.u-strasbg.fr/hips-image-services/hips2fits?hips=CDS%2FP%2FDSS2%2Fcolor&width=500&height=500&fov=1&projection=SIN&coordsys=icrs&rotation_angle=0.0&object=Markab&format=jpg,"('B', '9', 'III')",255,174.47810199244122,"[0.3116271231105351, 0.3922746813993608, 0.4752586954456732]"
Marohu,199.70842569848023,https://alasky.u-strasbg.fr/hips-image-services/hips2fits?hips=CDS%2FP%2FDSS2%2Fcolor&width=500&height=500&fov=1&projection=SIN&coordsys=icrs&rotation_angle=0.0&object=Marohu&format=jpg,"('G', '8', 'V')",255,0.656,"[0.23298543054278514, 0.23401656673482826, 0.24182526301339516]"
Mebsuta,259.0673575129534,https://alasky.u-strasbg.fr/hips-image-services/hips2fits?hips=CDS%2FP%2FDSS2%2Fcolor&width=500&height=500&fov=1&projection=SIN&coordsys=icrs&rotation_angle=0.0&object=Mebsuta&format=jpg,"('G', '8', 'I')",255,32400.000000000025,"[0.39544617187225084, 0.34169878845460677, 0.28005253612334]"
Megrez,24.685262898049867,https://alasky.u-strasbg.fr/hips-image-services/hips2fits?hips=CDS%2FP%2FDSS2%2Fcolor&width=500&height=500&fov=1&projection=SIN&coordsys=icrs&rotation_angle=0.0&object=Megrez&format=jpg,"('A', '2', 'V')",255,23.60000000000004,"[0.2810750922104309, 0.363245854365335, 0.44300534029955707]"
Meissa,336.7003367003367,https://alasky.u-strasbg.fr/hips-image-services/hips2fits?hips=CDS%2FP%2FDSS2%2Fcolor&width=500&height=500&fov=1&projection=SIN&coordsys=icrs&rotation_angle=0.0&object=Meissa&format=jpg,"('O', '8', 'III')",255,276999.99999999814,"[0.1680085701588825, 0.2869922944043328, 0.3996389674130072]"
Mekbuda,325.42549383318686,https://alasky.u-strasbg.fr/hips-image-services/hips2fits?hips=CDS%2FP%2FDSS2%2Fcolor&width=500&height=500&fov=1&projection=SIN&coordsys=icrs&rotation_angle=0.0&object=Mekbuda&format=jpg,"('G', '1', 'I')",255,30543.814179203146,"[0.3558541260758053, 0.3505622571428122, 0.3415551351665857]"
Menkar,76.39419404125287,https://alasky.u-strasbg.fr/hips-image-services/hips2fits?hips=CDS%2FP%2FDSS2%2Fcolor&width=500&height=500&fov=1&projection=SIN&coordsys=icrs&rotation_angle=0.0&object=Menkar&format=jpg,"('M', '1.5', 'III')",255,415.1655505952382,"[0.4100722228138892, 0.33792072451591776, 0.26512896367559297]"
Menkent,18.034265103697024,https://alasky.u-strasbg.fr/hips-image-services/hips2fits?hips=CDS%2FP%2FDSS2%2Fcolor&width=500&height=500&fov=1&projection=SIN&coordsys=icrs&rotation_angle=0.0&object=Menkent&format=jpg,"('K', '0', 'III')",238,50.00000000000002,"[0.453752233883583, 0.3291891359370526, 0.20595640907836785]"
Menkib,381.6793893129771,https://alasky.u-strasbg.fr/hips-image-services/hips2fits?hips=CDS%2FP%2FDSS2%2Fcolor&width=500&height=500&fov=1&projection=SIN&coordsys=icrs&rotation_angle=0.0&object=Menkib&format=jpg,"('O', '7.5', 'III')",255,323534.4191586394,"[0.3258794474958142, 0.2815286555663002, 0.226393770020793]"
Meridiana,36.91617075943947,https://alasky.u-strasbg.fr/hips-image-services/hips2fits?hips=CDS%2FP%2FDSS2%2Fcolor&width=500&height=500&fov=1&projection=SIN&coordsys=icrs&rotation_angle=0.0&object=Meridiana&format=jpg,"('A', '2', 'V')",255,23.60000000000004,"[0.20603777086295055, 0.28107469228466553, 0.3520471091935169]"
Miaplacidus,34.698126301179734,https://alasky.u-strasbg.fr/hips-image-services/hips2fits?hips=CDS%2FP%2FDSS2%2Fcolor&width=500&height=500&fov=1&projection=SIN&coordsys=icrs&rotation_angle=0.0&object=Miaplacidus&format=jpg,"('A', '1', 'III')",242,129.0000000000001,"[0.3841224349723367, 0.40038077285437623, 0.4185164550152735]"
Minchir,114.28571428571428,https://alasky.u-strasbg.fr/hips-image-services/hips2fits?hips=CDS%2FP%2FDSS2%2Fcolor&width=500&height=500&fov=1&projection=SIN&coordsys=icrs&rotation_angle=0.0&object=Minchir&format=jpg,"('K', '1', 'III')",255,58.00000000000003,"[0.388070143364261, 0.2866782455017749, 0.16237488002193884]"
Minelauva,60.82725060827251,https://alasky.u-strasbg.fr/hips-image-services/hips2fits?hips=CDS%2FP%2FDSS2%2Fcolor&width=500&height=500&fov=1&projection=SIN&coordsys=icrs&rotation_angle=0.0&object=Minelauva&format=jpg,"('M', '3', 'III')",255,642.9134199134204,"[0.4033792016806723, 0.30502153361344536, 0.19826050420168065]"
Mira,91.65902841429882,https://alasky.u-strasbg.fr/hips-image-services/hips2fits?hips=CDS%2FP%2FDSS2%2Fcolor&width=500&height=500&fov=1&projection=SIN&coordsys=icrs&rotation_angle=0.0&object=Mira&format=jpg,"('M', '5', 'III')",255,1099.9740259740272,"[0.2162298250254352, 0.32297368594143816, 0.42172830591090193]"
Mirach,60.53268765133172,https://alasky.u-strasbg.fr/hips-image-services/hips2fits?hips=CDS%2FP%2FDSS2%2Fcolor&width=500&height=500&fov=1&projection=SIN&coordsys=icrs&rotation_angle=0.0&object=Mirach&format=jpg,"('M', '0', 'III')",255,256.00432900432907,"[0.48614889995420335, 0.3779126528429652, 0.2710635408476878]"
Miram,269.54177897574124,https://alasky.u-strasbg.fr/hips-image-services/hips2fits?hips=CDS%2FP%2FDSS2%2Fcolor&width=500&height=500&fov=1&projection=SIN&coordsys=icrs&rotation_angle=0.0&object=Miram&format=jpg,"('K', '3', 'I')",255,36100.00000000001,"[0.3834927375714668, 0.3125340888461907, 0.22984602142115557]"
Mirfak,155.27950310559004,https://alasky.u-strasbg.fr/hips-image-services/hips2fits?hips=CDS%2FP%2FDSS2%2Fcolor&width=500&height=500&fov=1&projection=SIN&coordsys=icrs&rotation_angle=0.0&object=Mirfak&format=jpg,"('F', '5', 'I')",255,29100.00000000001,"[0.3792104393743048, 0.39386019480631435, 0.41828055445662665]"
Misam,34.805126098971854,https://alasky.u-strasbg.fr/hips-image-services/hips2fits?hips=CDS%2FP%2FDSS2%2Fcolor&width=500&height=500&fov=1&projection=SIN&coordsys=icrs&rotation_angle=0.0&object=Misam&format=jpg,"('G', '9.5', 'III')",255,51.3861836088669,"[0.36894584094914273, 0.3482311668402744, 0.321399933177414]"
Moldoveanu,162.6307144367285,https://alasky.u-strasbg.fr/hips-image-services/hips2fits?hips=CDS%2FP%2FDSS2%2Fcolor&width=500&height=500&fov=1&projection=SIN&coordsys=icrs&rotation_angle=0.0&object=Moldoveanu&format=jpg,"('G', '1', 'V')",255,1.1613427585400125,"[0.17733273530192778, 0.20514006505451085, 0.25970724726292777]"
Monch,31.91258504703915,https://alasky.u-strasbg.fr/hips-image-services/hips2fits?hips=CDS%2FP%2FDSS2%2Fcolor&width=500&height=500&fov=1&projection=SIN&coordsys=icrs&rotation_angle=0.0&object=Monch&format=jpg,"('K', '0', 'V')",244,0.5520000000000003,"[0.1149441371640681, 0.12845211704313628, 0.1548739741295291]"
Morava,430.23706062040185,https://alasky.u-strasbg.fr/hips-image-services/hips2fits?hips=CDS%2FP%2FDSS2%2Fcolor&width=500&height=500&fov=1&projection=SIN&coordsys=icrs&rotation_angle=0.0&object=Morava&format=jpg,"('G', '1', 'V')",237,1.1613427585400125,"[0.1329525985151342, 0.14036923955541888, 0.1473030063406991]"
Mothallah,19.48140499892852,https://alasky.u-strasbg.fr/hips-image-services/hips2fits?hips=CDS%2FP%2FDSS2%2Fcolor&width=500&height=500&fov=1&projection=SIN&coordsys=icrs&rotation_angle=0.0&object=Mothallah&format=jpg,"('F', '5', 'III')",255,22.000000000000007,"[0.2875785467128028, 0.35940853517877736, 0.43411557093425607]"
Mouhoun,131.63957085499902,https://alasky.u-strasbg.fr/hips-image-services/hips2fits?hips=CDS%2FP%2FDSS2%2Fcolor&width=500&height=500&fov=1&projection=SIN&coordsys=icrs&rotation_angle=0.0&object=Mouhoun&format=jpg,"('K', '0', 'III')",255,50.00000000000002,"[0.1685229322047722, 0.15296413435193829, 0.13677701553583999]"
Muscida,55.76156355424207,https://alasky.u-strasbg.fr/hips-image-services/hips2fits?hips=CDS%2FP%2FDSS2%2Fcolor&width=500&height=500&fov=1&projection=SIN&coordsys=icrs&rotation_angle=0.0&object=Muscida&format=jpg,"('G', '5', 'III')",255,35.44044716134508,"[0.38935216228114733, 0.3781297481571788, 0.3608258548093964]"
Musica,75.17610001428346,https://alasky.u-strasbg.fr/hips-image-services/hips2fits?hips=CDS%2FP%2FDSS2%2Fcolor&width=500&height=500&fov=1&projection=SIN&coordsys=icrs&rotation_angle=0.0&object=Musica&format=jpg,"('G', '6', 'III')",255,37.63881629651295,"[0.24967808851012574, 0.2277578358880726, 0.2026524040996914]"
Nahn,124.93753123438285,https://alasky.u-strasbg.fr/hips-image-services/hips2fits?hips=CDS%2FP%2FDSS2%2Fcolor&width=500&height=500&fov=1&projection=SIN&coordsys=icrs&rotation_angle=0.0&object=Nahn&format=jpg,"('G', '8.5', 'III')",255,46.15650048748618,"[0.2668204781344434, 0.2401016617163613, 0.2090848574124919]"
Naos,332.2259136212625,https://alasky.u-strasbg.fr/hips-image-services/hips2fits?hips=CDS%2FP%2FDSS2%2Fcolor&width=500&height=500&fov=1&projection=SIN&coordsys=icrs&rotation_angle=0.0&object=Naos&format=jpg,"('O', '4', 'I')",255,1301975.328012533,"[0.24644176625081773, 0.3421187436420408, 0.44068305398426]"
Nashira,52.34588064092296,https://alasky.u-strasbg.fr/hips-image-services/hips2fits?hips=CDS%2FP%2FDSS2%2Fcolor&width=500&height=500&fov=1&projection=SIN&coordsys=icrs&rotation_angle=0.0&object=Nashira&format=jpg,"('F', '0', 'V')",255,5.209999999999999,"[0.37043004435816884, 0.3827801759001473, 0.3949191591530229]"
Nasti,60.38720274399449,https://alasky.u-strasbg.fr/hips-image-services/hips2fits?hips=CDS%2FP%2FDSS2%2Fcolor&width=500&height=500&fov=1&projection=SIN&coordsys=icrs&rotation_angle=0.0&object=Nasti&format=jpg,"('G', '1', 'V')",251,1.1613427585400125,"[0.1152144947014255, 0.11759117496957563, 0.12330795467403778]"
Natasha,33.52633325845785,https://alasky.u-strasbg.fr/hips-image-services/hips2fits?hips=CDS%2FP%2FDSS2%2Fcolor&width=500&height=500&fov=1&projection=SIN&coordsys=icrs&rotation_angle=0.0&object=Natasha&format=jpg,"('K', '1.5', 'V')",255,0.4204726562500004,"[0.11823102401643412, 0.11351313921684036, 0.10943923184341424]"
Nekkar,72.05649228995533,https://alasky.u-strasbg.fr/hips-image-services/hips2fits?hips=CDS%2FP%2FDSS2%2Fcolor&width=500&height=500&fov=1&projection=SIN&coordsys=icrs&rotation_angle=0.0&object=Nekkar&format=jpg,"('G', '8', 'III')",255,44.00000000000003,"[0.388822449360315, 0.38844394042043456, 0.38665522793994916]"
Nembus,53.9115527066295,https://alasky.u-strasbg.fr/hips-image-services/hips2fits?hips=CDS%2FP%2FDSS2%2Fcolor&width=500&height=500&fov=1&projection=SIN&coordsys=icrs&rotation_angle=0.0&object=Nembus&format=jpg,"('K', '3', 'III')",255,79.00000000000003,"[0.3247108220475034, 0.3038492675425125, 0.2780986820092735]"
Nenque,42.25239042898852,https://alasky.u-strasbg.fr/hips-image-services/hips2fits?hips=CDS%2FP%2FDSS2%2Fcolor&width=500&height=500&fov=1&projection=SIN&coordsys=icrs&rotation_angle=0.0&object=Nenque&format=jpg,"('G', '2', 'V')",246,1.0700000000000005,"[0.1578539243038051, 0.14220071778437088, 0.12997662498747659]"
Nervia,42.87870472008781,https://alasky.u-strasbg.fr/hips-image-services/hips2fits?hips=CDS%2FP%2FDSS2%2Fcolor&width=500&height=500&fov=1&projection=SIN&coordsys=icrs&rotation_angle=0.0&object=Nervia&format=jpg,"('G', '3', 'V')",249,0.9776044316917158,"[0.08218106414062867, 0.16178563606978208, 0.22439933134288637]"
Nunki,69.83240223463686,https://alasky.u-strasbg.fr/hips-image-services/hips2fits?hips=CDS%2FP%2FDSS2%2Fcolor&width=500&height=500&fov=1&projection=SIN&coordsys=icrs&rotation_angle=0.0&object=Nunki&format=jpg,"('B', '2', 'V')",254,2797.2653996597364,"[0.2019594618492052, 0.3440694078588223, 0.48902812697504694]"
Nusakan,34.28179636612958,https://alasky.u-strasbg.fr/hips-image-services/hips2fits?hips=CDS%2FP%2FDSS2%2Fcolor&width=500&height=500&fov=1&projection=SIN&coordsys=icrs&rotation_angle=0.0&object=Nusakan&format=jpg,"('F', '2', 'V')",255,3.8900000000000015,"[0.2396513332836303, 0.34512984915132083, 0.44492482417555107]"
Nushagak,77.43414226200618,https://alasky.u-strasbg.fr/hips-image-services/hips2fits?hips=CDS%2FP%2FDSS2%2Fcolor&width=500&height=500&fov=1&projection=SIN&coordsys=icrs&rotation_angle=0.0&object=Nushagak&format=jpg,"('F', '9', 'V')",255,1.1936696742331518,"[0.11330330635420546, 0.11558411505074108, 0.11547800467337194]"
Paikauhale,145.34883720930233,https://alasky.u-strasbg.fr/hips-image-services/hips2fits?hips=CDS%2FP%2FDSS2%2Fcolor&width=500&height=500&fov=1&projection=SIN&coordsys=icrs&rotation_angle=0.0&object=Paikauhale&format=jpg,"('B', '0.2', 'V')",255,26178.3516720786,"[0.23710520552408632, 0.331410253596202, 0.42853304808577325]"
Petra,49.71636811987611,https://alasky.u-strasbg.fr/hips-image-services/hips2fits?hips=CDS%2FP%2FDSS2%2Fcolor&width=500&height=500&fov=1&projection=SIN&coordsys=icrs&rotation_angle=0.0&object=Petra&format=jpg,"('K', '7', 'V')",254,0.1449999999999996,"[0.09218802752889235, 0.07696403064537073, 0.0648746915984937]"
Phact,80.12820512820512,https://alasky.u-strasbg.fr/hips-image-services/hips2fits?hips=CDS%2FP%2FDSS2%2Fcolor&width=500&height=500&fov=1&projection=SIN&coordsys=icrs&rotation_angle=0.0&object=Phact&format=jpg,"('B', '9', 'V')",255,-14.66283156885038,"[0.2729546249934434, 0.37981019009366673, 0.4885470006096549]"
Phecda,25.50369803621525,https://alasky.u-strasbg.fr/hips-image-services/hips2fits?hips=CDS%2FP%2FDSS2%2Fcolor&width=500&height=500&fov=1&projection=SIN&coordsys=icrs&rotation_angle=0.0&object=Phecda&format=jpg,"('A', '0', 'V')",255,39.40000000000002,"[0.28641973010125077, 0.37848567501062774, 0.47259401307603277]"
Pherkad,149.2537313432836,https://alasky.u-strasbg.fr/hips-image-services/hips2fits?hips=CDS%2FP%2FDSS2%2Fcolor&width=500&height=500&fov=1&projection=SIN&coordsys=icrs&rotation_angle=0.0&object=Pherkad&format=jpg,"('A', '2', 'III')",255,100.00000000000024,"[0.2749913645022171, 0.3184233569357277, 0.36361301429944864]"
Phoenicia,19.629705240346112,https://alasky.u-strasbg.fr/hips-image-services/hips2fits?hips=CDS%2FP%2FDSS2%2Fcolor&width=500&height=500&fov=1&projection=SIN&coordsys=icrs&rotation_angle=0.0&object=Phoenicia&format=jpg,"('K', '1', 'V')",244,0.4610000000000005,"[0.1920355771174449, 0.16631799903839456, 0.13720465179490168]"
Piautos,174.33143893169694,https://alasky.u-strasbg.fr/hips-image-services/hips2fits?hips=CDS%2FP%2FDSS2%2Fcolor&width=500&height=500&fov=1&projection=SIN&coordsys=icrs&rotation_angle=0.0&object=Piautos&format=jpg,"('B', '9.5', 'V')",255,-1856.0377468477816,"[0.14215698717613712, 0.2129082271314415, 0.282810349676106]"
Pincoya,40.02129132698595,https://alasky.u-strasbg.fr/hips-image-services/hips2fits?hips=CDS%2FP%2FDSS2%2Fcolor&width=500&height=500&fov=1&projection=SIN&coordsys=icrs&rotation_angle=0.0&object=Pincoya&format=jpg,"('K', '3.5', 'V')",198,0.2893736979166672,"[0.4920308682572196, 0.48038762175164823, 0.47003670929200325]"
Pleione,138.09484353854228,https://alasky.u-strasbg.fr/hips-image-services/hips2fits?hips=CDS%2FP%2FDSS2%2Fcolor&width=500&height=500&fov=1&projection=SIN&coordsys=icrs&rotation_angle=0.0&object=Pleione&format=jpg,"('B', '8', 'V')",255,383.6866859166621,"[0.14197729244138546, 0.3107322276537067, 0.48086269612104615]"
Poerava,55.95188138201147,https://alasky.u-strasbg.fr/hips-image-services/hips2fits?hips=CDS%2FP%2FDSS2%2Fcolor&width=500&height=500&fov=1&projection=SIN&coordsys=icrs&rotation_angle=0.0&object=Poerava&format=jpg,"('F', '7', 'V')",239,2.004294053099004,"[0.19253923614968302, 0.16987143132772442, 0.14252120886124053]"
Polaris,132.6259946949602,https://alasky.u-strasbg.fr/hips-image-services/hips2fits?hips=CDS%2FP%2FDSS2%2Fcolor&width=500&height=500&fov=1&projection=SIN&coordsys=icrs&rotation_angle=0.0&object=Polaris&format=jpg,"('F', '8', 'I')",255,29700.00000000003,"[0.3402115949052524, 0.35616180129561037, 0.3831577937335308]"
Polis,11111.111111111111,https://alasky.u-strasbg.fr/hips-image-services/hips2fits?hips=CDS%2FP%2FDSS2%2Fcolor&width=500&height=500&fov=1&projection=SIN&coordsys=icrs&rotation_angle=0.0&object=Polis&format=jpg,"('B', '8', 'I')",255,46349.44335084199,"[0.2081544001989904, 0.17384838518579046, 0.14238146793863501]"
Pollux,10.358400662937642,https://alasky.u-strasbg.fr/hips-image-services/hips2fits?hips=CDS%2FP%2FDSS2%2Fcolor&width=500&height=500&fov=1&projection=SIN&coordsys=icrs&rotation_angle=0.0&object=Pollux&format=jpg,"('K', '0', 'III')",255,50.00000000000002,"[0.45613489119145, 0.46027321906752877, 0.46886709506445107]"
Porrima,12.02016984499991,https://alasky.u-strasbg.fr/hips-image-services/hips2fits?hips=CDS%2FP%2FDSS2%2Fcolor&width=500&height=500&fov=1&projection=SIN&coordsys=icrs&rotation_angle=0.0&object=Porrima&format=jpg,"('F', '1', 'V')",255,4.514093709702788,"[0.3005573365954485, 0.3693009652767525, 0.4400400030933851]"
Praecipua,30.37574800279457,https://alasky.u-strasbg.fr/hips-image-services/hips2fits?hips=CDS%2FP%2FDSS2%2Fcolor&width=500&height=500&fov=1&projection=SIN&coordsys=icrs&rotation_angle=0.0&object=Praecipua&format=jpg,"('K', '0', 'III')",255,50.00000000000002,"[0.3430713946305536, 0.3574551381493439, 0.3730788716056629]"
Prima Hyadum,46.15846200004616,https://alasky.u-strasbg.fr/hips-image-services/hips2fits?hips=CDS%2FP%2FDSS2%2Fcolor&width=500&height=500&fov=1&projection=SIN&coordsys=icrs&rotation_angle=0.0&object=Prima Hyadum&format=jpg,"('G', '9.5', 'III')",255,51.3861836088669,"[0.3413093941280216, 0.35204940000691637, 0.37672000899125085]"
Propus,211.3628677713899,https://alasky.u-strasbg.fr/hips-image-services/hips2fits?hips=CDS%2FP%2FDSS2%2Fcolor&width=500&height=500&fov=1&projection=SIN&coordsys=icrs&rotation_angle=0.0&object=Propus&format=jpg,"('M', '2', 'III')",255,483.0649350649352,"[0.25936081941263783, 0.19732617177200232, 0.13451874290565397]"
Proxima Centauri,1.3019705975979945,https://alasky.u-strasbg.fr/hips-image-services/hips2fits?hips=CDS%2FP%2FDSS2%2Fcolor&width=500&height=500&fov=1&projection=SIN&coordsys=icrs&rotation_angle=0.0&object=Proxima Centauri&format=jpg,"('M', '5.5', 'V')",26,0.0058859789299242,"[0.12388598543428926, 0.09747734917685628, 0.07733265632886234]"
Rapeto,48.40739665020814,https://alasky.u-strasbg.fr/hips-image-services/hips2fits?hips=CDS%2FP%2FDSS2%2Fcolor&width=500&height=500&fov=1&projection=SIN&coordsys=icrs&rotation_angle=0.0&object=Rapeto&format=jpg,"('F', '8', 'V')",251,1.6800000000000024,"[0.11122349133828288, 0.08791776127926898, 0.07048962497620408]"
Rasalas,38.31843384897172,https://alasky.u-strasbg.fr/hips-image-services/hips2fits?hips=CDS%2FP%2FDSS2%2Fcolor&width=500&height=500&fov=1&projection=SIN&coordsys=icrs&rotation_angle=0.0&object=Rasalas&format=jpg,"('K', '2', 'III')",255,67.51190476190479,"[0.41754214263903355, 0.36929453000420187, 0.30972327703875374]"
Rasalgethi,110.25358324145536,https://alasky.u-strasbg.fr/hips-image-services/hips2fits?hips=CDS%2FP%2FDSS2%2Fcolor&width=500&height=500&fov=1&projection=SIN&coordsys=icrs&rotation_angle=0.0&object=Rasalgethi&format=jpg,"('M', '5', 'I')",255,165068.83116883074,"[0.4299965627076697, 0.31783343645210327, 0.19915442608675726]"
Rastaban,116.55011655011654,https://alasky.u-strasbg.fr/hips-image-services/hips2fits?hips=CDS%2FP%2FDSS2%2Fcolor&width=500&height=500&fov=1&projection=SIN&coordsys=icrs&rotation_angle=0.0&object=Rastaban&format=jpg,"('G', '2', 'I')",255,30800.00000000001,"[0.40853212834116637, 0.3637455305142296, 0.31265489186640183]"
Rigel,264.55026455026456,https://alasky.u-strasbg.fr/hips-image-services/hips2fits?hips=CDS%2FP%2FDSS2%2Fcolor&width=500&height=500&fov=1&projection=SIN&coordsys=icrs&rotation_angle=0.0&object=Rigel&format=jpg,"('B', '8', 'I')",252,46349.44335084199,"[0.4141760758415641, 0.5048874851306254, 0.5992133064504936]"
Rigil Kentaurus,1.3458950201884252,https://alasky.u-strasbg.fr/hips-image-services/hips2fits?hips=CDS%2FP%2FDSS2%2Fcolor&width=500&height=500&fov=1&projection=SIN&coordsys=icrs&rotation_angle=0.0&object=Rigil Kentaurus&format=jpg,"('G', '2', 'V')",241,1.0700000000000005,"[0.45026561678547367, 0.508171318831874, 0.5687656005105398]"
Rosaliadecastro,73.37887715642175,https://alasky.u-strasbg.fr/hips-image-services/hips2fits?hips=CDS%2FP%2FDSS2%2Fcolor&width=500&height=500&fov=1&projection=SIN&coordsys=icrs&rotation_angle=0.0&object=Rosaliadecastro&format=jpg,"('G', '3', 'V')",255,0.9776044316917158,"[0.2915497163332338, 0.378079028565741, 0.4540930957831525]"
Rukbat,55.74136008918617,https://alasky.u-strasbg.fr/hips-image-services/hips2fits?hips=CDS%2FP%2FDSS2%2Fcolor&width=500&height=500&fov=1&projection=SIN&coordsys=icrs&rotation_angle=0.0&object=Rukbat&format=jpg,"('B', '8', 'V')",255,383.6866859166621,"[0.19798802608444058, 0.38507184700751684, 0.5600894470937309]"
Sadachbia,38.677088852876224,https://alasky.u-strasbg.fr/hips-image-services/hips2fits?hips=CDS%2FP%2FDSS2%2Fcolor&width=500&height=500&fov=1&projection=SIN&coordsys=icrs&rotation_angle=0.0&object=Sadachbia&format=jpg,"('A', '0', 'V')",255,39.40000000000002,"[0.22497812254760818, 0.33913562891324106, 0.4456015311393777]"
Sadalbari,34.56141563558443,https://alasky.u-strasbg.fr/hips-image-services/hips2fits?hips=CDS%2FP%2FDSS2%2Fcolor&width=500&height=500&fov=1&projection=SIN&coordsys=icrs&rotation_angle=0.0&object=Sadalbari&format=jpg,"('G', '8', 'III')",255,44.00000000000003,"[0.4089795689034974, 0.36136449970257833, 0.3091301729687078]"
Sadalmelik,160.51364365971108,https://alasky.u-strasbg.fr/hips-image-services/hips2fits?hips=CDS%2FP%2FDSS2%2Fcolor&width=500&height=500&fov=1&projection=SIN&coordsys=icrs&rotation_angle=0.0&object=Sadalmelik&format=jpg,"('G', '2', 'I')",255,30800.00000000001,"[0.44252355130166243, 0.397589227548764, 0.3429690828132844]"
Sadalsuud,164.74464579901152,https://alasky.u-strasbg.fr/hips-image-services/hips2fits?hips=CDS%2FP%2FDSS2%2Fcolor&width=500&height=500&fov=1&projection=SIN&coordsys=icrs&rotation_angle=0.0&object=Sadalsuud&format=jpg,"('G', '0', 'I')",255,30300.000000000025,"[0.422029175733711, 0.3766781228051996, 0.3176697983949892]"
Sadr,561.7977528089888,https://alasky.u-strasbg.fr/hips-image-services/hips2fits?hips=CDS%2FP%2FDSS2%2Fcolor&width=500&height=500&fov=1&projection=SIN&coordsys=icrs&rotation_angle=0.0&object=Sadr&format=jpg,"('F', '8', 'I')",255,29700.00000000003,"[0.27598196153761645, 0.23836249242773788, 0.2045258586866794]"
Sagarmatha,49.60563520015874,https://alasky.u-strasbg.fr/hips-image-services/hips2fits?hips=CDS%2FP%2FDSS2%2Fcolor&width=500&height=500&fov=1&projection=SIN&coordsys=icrs&rotation_angle=0.0&object=Sagarmatha&format=jpg,"('G', '8', 'V')",254,0.656,"[0.20856870909661257, 0.19983885730492065, 0.1895643990666615]"
Saiph,198.4126984126984,https://alasky.u-strasbg.fr/hips-image-services/hips2fits?hips=CDS%2FP%2FDSS2%2Fcolor&width=500&height=500&fov=1&projection=SIN&coordsys=icrs&rotation_angle=0.0&object=Saiph&format=jpg,"('B', '0.5', 'I')",250,330222.96770265664,"[0.3682390216567553, 0.3959510532149408, 0.4163826578094413]"
Salm,48.27536266866205,https://alasky.u-strasbg.fr/hips-image-services/hips2fits?hips=CDS%2FP%2FDSS2%2Fcolor&width=500&height=500&fov=1&projection=SIN&coordsys=icrs&rotation_angle=0.0&object=Salm&format=jpg,"('A', '5', 'V')",255,12.300000000000004,"[0.1820868198290313, 0.28169160250123465, 0.37277577224575537]"
Samaya,92.92903009971285,https://alasky.u-strasbg.fr/hips-image-services/hips2fits?hips=CDS%2FP%2FDSS2%2Fcolor&width=500&height=500&fov=1&projection=SIN&coordsys=icrs&rotation_angle=0.0&object=Samaya&format=jpg,"('F', '7', 'V')",255,2.004294053099004,"[0.18171541840780026, 0.19113361191471123, 0.2016714882674381]"
Sargas,92.08103130755065,https://alasky.u-strasbg.fr/hips-image-services/hips2fits?hips=CDS%2FP%2FDSS2%2Fcolor&width=500&height=500&fov=1&projection=SIN&coordsys=icrs&rotation_angle=0.0&object=Sargas&format=jpg,"('F', '1', 'III')",253,25.53829305534628,"[0.25491064387077655, 0.2649577715217069, 0.2749733532805338]"
Sceptrum,34.62975596410972,https://alasky.u-strasbg.fr/hips-image-services/hips2fits?hips=CDS%2FP%2FDSS2%2Fcolor&width=500&height=500&fov=1&projection=SIN&coordsys=icrs&rotation_angle=0.0&object=Sceptrum&format=jpg,"('K', '2', 'III')",255,67.51190476190479,"[0.3744335075194589, 0.37227129627476446, 0.3726847806949063]"
Schedar,69.97900629811058,https://alasky.u-strasbg.fr/hips-image-services/hips2fits?hips=CDS%2FP%2FDSS2%2Fcolor&width=500&height=500&fov=1&projection=SIN&coordsys=icrs&rotation_angle=0.0&object=Schedar&format=jpg,"('K', '0', 'III')",255,50.00000000000002,"[0.42206744351291475, 0.3799358216034884, 0.33936551206511945]"
Secunda Hyadum,49.23876863687393,https://alasky.u-strasbg.fr/hips-image-services/hips2fits?hips=CDS%2FP%2FDSS2%2Fcolor&width=500&height=500&fov=1&projection=SIN&coordsys=icrs&rotation_angle=0.0&object=Secunda Hyadum&format=jpg,"('G', '9.5', 'III')",255,51.3861836088669,"[0.2933189117231051, 0.3032363688049477, 0.3102717572177386]"
Segin,142.7816725445122,https://alasky.u-strasbg.fr/hips-image-services/hips2fits?hips=CDS%2FP%2FDSS2%2Fcolor&width=500&height=500&fov=1&projection=SIN&coordsys=icrs&rotation_angle=0.0&object=Segin&format=jpg,"('B', '3', 'V')",255,1447.5604552522673,"[0.2281676065226228, 0.32961994785315335, 0.42519622440661065]"
Sharjah,14.575134819997084,https://alasky.u-strasbg.fr/hips-image-services/hips2fits?hips=CDS%2FP%2FDSS2%2Fcolor&width=500&height=500&fov=1&projection=SIN&coordsys=icrs&rotation_angle=0.0&object=Sharjah&format=jpg,"('M', '3', 'V')",255,0.0202106643356643,"[0.1384779992991667, 0.30666080982779903, 0.4797503303239586]"
Sheliak,294.9852507374631,https://alasky.u-strasbg.fr/hips-image-services/hips2fits?hips=CDS%2FP%2FDSS2%2Fcolor&width=500&height=500&fov=1&projection=SIN&coordsys=icrs&rotation_angle=0.0&object=Sheliak&format=jpg,"('B', '8.5', 'I')",255,43586.59518455819,"[0.18833906508725, 0.2779068983344197, 0.36535435725685]"
Sheratan,17.985611510791365,https://alasky.u-strasbg.fr/hips-image-services/hips2fits?hips=CDS%2FP%2FDSS2%2Fcolor&width=500&height=500&fov=1&projection=SIN&coordsys=icrs&rotation_angle=0.0&object=Sheratan&format=jpg,"('A', '4', 'V')",255,15.118020162782967,"[0.2905204798754472, 0.364477499396494, 0.4408436607455266]"
Sika,59.96426130026504,https://alasky.u-strasbg.fr/hips-image-services/hips2fits?hips=CDS%2FP%2FDSS2%2Fcolor&width=500&height=500&fov=1&projection=SIN&coordsys=icrs&rotation_angle=0.0&object=Sika&format=jpg,"('G', '1', 'V')",255,1.1613427585400125,"[0.14213604360663185, 0.13912483912483914, 0.13447270800211977]"
Sirius,2.637061258933045,https://alasky.u-strasbg.fr/hips-image-services/hips2fits?hips=CDS%2FP%2FDSS2%2Fcolor&width=500&height=500&fov=1&projection=SIN&coordsys=icrs&rotation_angle=0.0&object=Sirius&format=jpg,"('A', '0', 'V')",236,39.40000000000002,"[0.4491343107732987, 0.5681136940617444, 0.6914207969842124]"
Situla,67.95832795329903,https://alasky.u-strasbg.fr/hips-image-services/hips2fits?hips=CDS%2FP%2FDSS2%2Fcolor&width=500&height=500&fov=1&projection=SIN&coordsys=icrs&rotation_angle=0.0&object=Situla&format=jpg,"('K', '1.5', 'III')",255,62.54101562500003,"[0.3305386695592567, 0.28437413843754944, 0.22123191189652966]"
Skat,43.20568932517034,https://alasky.u-strasbg.fr/hips-image-services/hips2fits?hips=CDS%2FP%2FDSS2%2Fcolor&width=500&height=500&fov=1&projection=SIN&coordsys=icrs&rotation_angle=0.0&object=Skat&format=jpg,"('A', '3', 'V')",255,18.72772093507272,"[0.2531352452255187, 0.35756973127326497, 0.45736756382222465]"
Spica,76.5696784073507,https://alasky.u-strasbg.fr/hips-image-services/hips2fits?hips=CDS%2FP%2FDSS2%2Fcolor&width=500&height=500&fov=1&projection=SIN&coordsys=icrs&rotation_angle=0.0&object=Spica&format=jpg,"('B', '1', 'V')",230,10131.339904729502,"[0.3092868544248878, 0.4140361986677347, 0.521242603761592]"
Sterrennacht,274.2806988672207,https://alasky.u-strasbg.fr/hips-image-services/hips2fits?hips=CDS%2FP%2FDSS2%2Fcolor&width=500&height=500&fov=1&projection=SIN&coordsys=icrs&rotation_angle=0.0&object=Sterrennacht&format=jpg,"('F', '8', 'V')",255,1.6800000000000024,"[0.10961960331999006, 0.12351471153628696, 0.13708076079336]"
Subra,39.95205753096285,https://alasky.u-strasbg.fr/hips-image-services/hips2fits?hips=CDS%2FP%2FDSS2%2Fcolor&width=500&height=500&fov=1&projection=SIN&coordsys=icrs&rotation_angle=0.0&object=Subra&format=jpg,"('F', '8', 'III')",255,42.45882963270786,"[0.3401643623015827, 0.39514494335129097, 0.44890333663895815]"
Suhail,166.94490818030047,https://alasky.u-strasbg.fr/hips-image-services/hips2fits?hips=CDS%2FP%2FDSS2%2Fcolor&width=500&height=500&fov=1&projection=SIN&coordsys=icrs&rotation_angle=0.0&object=Suhail&format=jpg,"('K', '4', 'I')",253,37500.00000000002,"[0.43310870887734565, 0.30981966229755087, 0.17591299772964802]"
Sulafat,190.11406844106463,https://alasky.u-strasbg.fr/hips-image-services/hips2fits?hips=CDS%2FP%2FDSS2%2Fcolor&width=500&height=500&fov=1&projection=SIN&coordsys=icrs&rotation_angle=0.0&object=Sulafat&format=jpg,"('B', '9', 'III')",255,174.47810199244122,"[0.2804907458837439, 0.30989170245100384, 0.3422933742350892]"
Syrma,22.237046920169004,https://alasky.u-strasbg.fr/hips-image-services/hips2fits?hips=CDS%2FP%2FDSS2%2Fcolor&width=500&height=500&fov=1&projection=SIN&coordsys=icrs&rotation_angle=0.0&object=Syrma&format=jpg,"('F', '7', 'III')",255,30.70131131886397,"[0.336362792894617, 0.33781102920089745, 0.3441308614067939]"
Tabit,8.06842020332419,https://alasky.u-strasbg.fr/hips-image-services/hips2fits?hips=CDS%2FP%2FDSS2%2Fcolor&width=500&height=500&fov=1&projection=SIN&coordsys=icrs&rotation_angle=0.0&object=Tabit&format=jpg,"('F', '6', 'V')",255,2.2729090902573703,"[0.3893171655886734, 0.3902487930927993, 0.3899893852493748]"
Taiyangshou,60.83391125549026,https://alasky.u-strasbg.fr/hips-image-services/hips2fits?hips=CDS%2FP%2FDSS2%2Fcolor&width=500&height=500&fov=1&projection=SIN&coordsys=icrs&rotation_angle=0.0&object=Taiyangshou&format=jpg,"('K', '0.5', 'III')",255,53.83398437500003,"[0.39154100888634313, 0.31328792262423794, 0.21762699249519318]"
Tangra,255.82644733812583,https://alasky.u-strasbg.fr/hips-image-services/hips2fits?hips=CDS%2FP%2FDSS2%2Fcolor&width=500&height=500&fov=1&projection=SIN&coordsys=icrs&rotation_angle=0.0&object=Tangra&format=jpg,"('G', '3', 'V')",233,0.9776044316917158,"[0.25382240887889884, 0.24142984375300028, 0.2146948445565106]"
Tania Australis,56.18387859787512,https://alasky.u-strasbg.fr/hips-image-services/hips2fits?hips=CDS%2FP%2FDSS2%2Fcolor&width=500&height=500&fov=1&projection=SIN&coordsys=icrs&rotation_angle=0.0&object=Tania Australis&format=jpg,"('M', '0', 'III')",255,256.00432900432907,"[0.43402581618069075, 0.2989491466505612, 0.1555603071532803]"
Tapecue,32.516941326431066,https://alasky.u-strasbg.fr/hips-image-services/hips2fits?hips=CDS%2FP%2FDSS2%2Fcolor&width=500&height=500&fov=1&projection=SIN&coordsys=icrs&rotation_angle=0.0&object=Tapecue&format=jpg,"('G', '9', 'V')",255,0.6792207941502474,"[0.21638383404935474, 0.16971221095105274, 0.12476336365405438]"
Tarf,98.98441985231524,https://alasky.u-strasbg.fr/hips-image-services/hips2fits?hips=CDS%2FP%2FDSS2%2Fcolor&width=500&height=500&fov=1&projection=SIN&coordsys=icrs&rotation_angle=0.0&object=Tarf&format=jpg,"('K', '4', 'III')",255,93.00000000000004,"[0.3748336053648938, 0.3162852232935712, 0.24708231171701048]"
Tegmine,25.08151492350138,https://alasky.u-strasbg.fr/hips-image-services/hips2fits?hips=CDS%2FP%2FDSS2%2Fcolor&width=500&height=500&fov=1&projection=SIN&coordsys=icrs&rotation_angle=0.0&object=Tegmine&format=jpg,"('F', '8', 'V')",255,1.6800000000000024,"[0.2692983623174633, 0.28675548797871325, 0.30768107954005514]"
Tejat,71.02272727272727,https://alasky.u-strasbg.fr/hips-image-services/hips2fits?hips=CDS%2FP%2FDSS2%2Fcolor&width=500&height=500&fov=1&projection=SIN&coordsys=icrs&rotation_angle=0.0&object=Tejat&format=jpg,"('M', '3', 'III')",255,642.9134199134204,"[0.3316696641944618, 0.2614319006194525, 0.1880931931666257]"
Theemin,64.72450016504747,https://alasky.u-strasbg.fr/hips-image-services/hips2fits?hips=CDS%2FP%2FDSS2%2Fcolor&width=500&height=500&fov=1&projection=SIN&coordsys=icrs&rotation_angle=0.0&object=Theemin&format=jpg,"('G', '8', 'III')",255,44.00000000000003,"[0.39940742932402973, 0.3219228548592234, 0.23416630196037336]"
Thuban,79.90028444501263,https://alasky.u-strasbg.fr/hips-image-services/hips2fits?hips=CDS%2FP%2FDSS2%2Fcolor&width=500&height=500&fov=1&projection=SIN&coordsys=icrs&rotation_angle=0.0&object=Thuban&format=jpg,"('A', '0', 'III')",255,169.00000000000017,"[0.21665913881361037, 0.36111576066741063, 0.49089041217209556]"
Tiaki,54.25935973955508,https://alasky.u-strasbg.fr/hips-image-services/hips2fits?hips=CDS%2FP%2FDSS2%2Fcolor&width=500&height=500&fov=1&projection=SIN&coordsys=icrs&rotation_angle=0.0&object=Tiaki&format=jpg,"('M', '4.5', 'III')",247,960.5718005952392,"[0.45088157611585405, 0.3112865481839175, 0.17219669796162965]"
Tianyi,236.72561134389127,https://alasky.u-strasbg.fr/hips-image-services/hips2fits?hips=CDS%2FP%2FDSS2%2Fcolor&width=500&height=500&fov=1&projection=SIN&coordsys=icrs&rotation_angle=0.0&object=Tianyi&format=jpg,"('K', '5', 'III')",255,110.00000000000004,"[0.2740698902993697, 0.24789420674088408, 0.21707288718520096]"
Timir,70.39328729612343,https://alasky.u-strasbg.fr/hips-image-services/hips2fits?hips=CDS%2FP%2FDSS2%2Fcolor&width=500&height=500&fov=1&projection=SIN&coordsys=icrs&rotation_angle=0.0&object=Timir&format=jpg,"('K', '0', 'III')",255,50.00000000000002,"[0.15469275331829532, 0.14489039009205906, 0.13063194679819076]"
Titawin,13.478178828476697,https://alasky.u-strasbg.fr/hips-image-services/hips2fits?hips=CDS%2FP%2FDSS2%2Fcolor&width=500&height=500&fov=1&projection=SIN&coordsys=icrs&rotation_angle=0.0&object=Titawin&format=jpg,"('F', '9', 'V')",255,1.1936696742331518,"[0.32509486599764653, 0.34276241852101597, 0.35892500628032736]"
Toliman,1.3458950201884252,https://alasky.u-strasbg.fr/hips-image-services/hips2fits?hips=CDS%2FP%2FDSS2%2Fcolor&width=500&height=500&fov=1&projection=SIN&coordsys=icrs&rotation_angle=0.0&object=Toliman&format=jpg,"('K', '1', 'V')",241,0.4610000000000005,"[0.45071723353512244, 0.5085299228481119, 0.5693211036402163]"
Tonatiuh,100.7252215954875,https://alasky.u-strasbg.fr/hips-image-services/hips2fits?hips=CDS%2FP%2FDSS2%2Fcolor&width=500&height=500&fov=1&projection=SIN&coordsys=icrs&rotation_angle=0.0&object=Tonatiuh&format=jpg,"('G', '8.5', 'III')",255,46.15650048748618,"[0.2172079107815252, 0.22132602559328166, 0.23922450161824524]"
Torcular,79.81100753415912,https://alasky.u-strasbg.fr/hips-image-services/hips2fits?hips=CDS%2FP%2FDSS2%2Fcolor&width=500&height=500&fov=1&projection=SIN&coordsys=icrs&rotation_angle=0.0&object=Torcular&format=jpg,"('G', '8', 'III')",255,44.00000000000003,"[0.3591040784488522, 0.32979456993405787, 0.29323667064329634]"
Tupa,38.82183495285088,https://alasky.u-strasbg.fr/hips-image-services/hips2fits?hips=CDS%2FP%2FDSS2%2Fcolor&width=500&height=500&fov=1&projection=SIN&coordsys=icrs&rotation_angle=0.0&object=Tupa&format=jpg,"('F', '8', 'V')",222,1.6800000000000024,"[0.22504223273135712, 0.11770701202407231, 0.058484290941026446]"
Tupi,33.48591749739647,https://alasky.u-strasbg.fr/hips-image-services/hips2fits?hips=CDS%2FP%2FDSS2%2Fcolor&width=500&height=500&fov=1&projection=SIN&coordsys=icrs&rotation_angle=0.0&object=Tupi&format=jpg,"('F', '9.5', 'V')",255,0.8465345718668811,"[0.14194279630878798, 0.11914712994956934, 0.10001147194192445]"
Ukdah,80.71025020177562,https://alasky.u-strasbg.fr/hips-image-services/hips2fits?hips=CDS%2FP%2FDSS2%2Fcolor&width=500&height=500&fov=1&projection=SIN&coordsys=icrs&rotation_angle=0.0&object=Ukdah&format=jpg,"('K', '2.5', 'III')",255,72.9757254464286,"[0.4104484298419955, 0.3345758746778296, 0.24591012634328416]"
Uklun,39.442908362291,https://alasky.u-strasbg.fr/hips-image-services/hips2fits?hips=CDS%2FP%2FDSS2%2Fcolor&width=500&height=500&fov=1&projection=SIN&coordsys=icrs&rotation_angle=0.0&object=Uklun&format=jpg,"('G', '6', 'V')",255,0.7296396063377997,"[0.12250670921882933, 0.11973211479412973, 0.11965958269867749]"
Unukalhai,22.675736961451246,https://alasky.u-strasbg.fr/hips-image-services/hips2fits?hips=CDS%2FP%2FDSS2%2Fcolor&width=500&height=500&fov=1&projection=SIN&coordsys=icrs&rotation_angle=0.0&object=Unukalhai&format=jpg,"('K', '2', 'III')",255,67.51190476190479,"[0.4445796238048974, 0.3481700799027939, 0.2504171163388439]"
Unurgunite,343.6426116838488,https://alasky.u-strasbg.fr/hips-image-services/hips2fits?hips=CDS%2FP%2FDSS2%2Fcolor&width=500&height=500&fov=1&projection=SIN&coordsys=icrs&rotation_angle=0.0&object=Unurgunite&format=jpg,"('K', '5', 'I')",255,39200.000000000015,"[0.33637530208887695, 0.27979362347688463, 0.20312559755426082]"
Uruk,108.4728112898502,https://alasky.u-strasbg.fr/hips-image-services/hips2fits?hips=CDS%2FP%2FDSS2%2Fcolor&width=500&height=500&fov=1&projection=SIN&coordsys=icrs&rotation_angle=0.0&object=Uruk&format=jpg,"('F', '8', 'V')",255,1.6800000000000024,"[0.09312543677987317, 0.09908569546448633, 0.1075387672802704]"
Vega,7.678722260615834,https://alasky.u-strasbg.fr/hips-image-services/hips2fits?hips=CDS%2FP%2FDSS2%2Fcolor&width=500&height=500&fov=1&projection=SIN&coordsys=icrs&rotation_angle=0.0&object=Vega&format=jpg,"('A', '0', 'V')",255,39.40000000000002,"[0.46592273097441644, 0.5151092072202291, 0.5681869811814428]"
Veritate,75.9411000827758,https://alasky.u-strasbg.fr/hips-image-services/hips2fits?hips=CDS%2FP%2FDSS2%2Fcolor&width=500&height=500&fov=1&projection=SIN&coordsys=icrs&rotation_angle=0.0&object=Veritate&format=jpg,"('G', '8', 'III')",255,44.00000000000003,"[0.20519136651320904, 0.23650469625922096, 0.2761613952971925]"
Vindemiatrix,33.100526298368145,https://alasky.u-strasbg.fr/hips-image-services/hips2fits?hips=CDS%2FP%2FDSS2%2Fcolor&width=500&height=500&fov=1&projection=SIN&coordsys=icrs&rotation_angle=0.0&object=Vindemiatrix&format=jpg,"('G', '8', 'III')",255,44.00000000000003,"[0.4062073505899073, 0.3474610124739183, 0.28951696222990886]"
Wasat,18.59800778140646,https://alasky.u-strasbg.fr/hips-image-services/hips2fits?hips=CDS%2FP%2FDSS2%2Fcolor&width=500&height=500&fov=1&projection=SIN&coordsys=icrs&rotation_angle=0.0&object=Wasat&format=jpg,"('F', '2', 'V')",255,3.8900000000000015,"[0.28084042218021427, 0.34071801215760406, 0.4005402349975907]"
Wazn,26.73082063619353,https://alasky.u-strasbg.fr/hips-image-services/hips2fits?hips=CDS%2FP%2FDSS2%2Fcolor&width=500&height=500&fov=1&projection=SIN&coordsys=icrs&rotation_angle=0.0&object=Wazn&format=jpg,"('K', '1', 'III')",255,58.00000000000003,"[0.3881557109247314, 0.29563447423672123, 0.19559571105130505]"
Wezen,492.6108374384237,https://alasky.u-strasbg.fr/hips-image-services/hips2fits?hips=CDS%2FP%2FDSS2%2Fcolor&width=500&height=500&fov=1&projection=SIN&coordsys=icrs&rotation_angle=0.0&object=Wezen&format=jpg,"('F', '8', 'I')",250,29700.00000000003,"[0.3947904423424936, 0.34233845139705105, 0.2866613185077393]"
Wurren,89.22198429693076,https://alasky.u-strasbg.fr/hips-image-services/hips2fits?hips=CDS%2FP%2FDSS2%2Fcolor&width=500&height=500&fov=1&projection=SIN&coordsys=icrs&rotation_angle=0.0&object=Wurren&format=jpg,"('B', '6', 'V')",255,97.52120305816788,"[0.2988374197271825, 0.38470206740715746, 0.4586269129752175]"
Xamidimura,533.8458253256459,https://alasky.u-strasbg.fr/hips-image-services/hips2fits?hips=CDS%2FP%2FDSS2%2Fcolor&width=500&height=500&fov=1&projection=SIN&coordsys=icrs&rotation_angle=0.0&object=Xamidimura&format=jpg,"('B', '1', 'V')",255,10131.339904729502,"[0.21535367761161658, 0.2926630332205688, 0.3722670054405605]"
Xuange,30.685671325774425,https://alasky.u-strasbg.fr/hips-image-services/hips2fits?hips=CDS%2FP%2FDSS2%2Fcolor&width=500&height=500&fov=1&projection=SIN&coordsys=icrs&rotation_angle=0.0&object=Xuange&format=jpg,"('A', '0', 'V')",255,39.40000000000002,"[0.2626557518107935, 0.3288895961149714, 0.3897211761169752]"
Yed Posterior,32.77227203607571,https://alasky.u-strasbg.fr/hips-image-services/hips2fits?hips=CDS%2FP%2FDSS2%2Fcolor&width=500&height=500&fov=1&projection=SIN&coordsys=icrs&rotation_angle=0.0&object=Yed Posterior&format=jpg,"('G', '9.5', 'III')",255,51.3861836088669,"[0.4263896223968307, 0.3721786596894943, 0.30769437512514425]"
Yed Prior,52.465897166841565,https://alasky.u-strasbg.fr/hips-image-services/hips2fits?hips=CDS%2FP%2FDSS2%2Fcolor&width=500&height=500&fov=1&projection=SIN&coordsys=icrs&rotation_angle=0.0&object=Yed Prior&format=jpg,"('M', '0.5', 'III')",255,302.1892248376626,"[0.41898587624032924, 0.307238005941666, 0.1775095595897643]"
Yildun,55.92778604266172,https://alasky.u-strasbg.fr/hips-image-services/hips2fits?hips=CDS%2FP%2FDSS2%2Fcolor&width=500&height=500&fov=1&projection=SIN&coordsys=icrs&rotation_angle=0.0&object=Yildun&format=jpg,"('A', '1', 'V')",255,30.30000000000001,"[0.18872586259117474, 0.295737516075055, 0.394838703270622]"
Zaurak,58.8179936006023,https://alasky.u-strasbg.fr/hips-image-services/hips2fits?hips=CDS%2FP%2FDSS2%2Fcolor&width=500&height=500&fov=1&projection=SIN&coordsys=icrs&rotation_angle=0.0&object=Zaurak&format=jpg,"('M', '0', 'III')",255,256.00432900432907,"[0.4190956321853732, 0.3489573607220666, 0.26507543480038964]"
Zavijava,11.00176578340824,https://alasky.u-strasbg.fr/hips-image-services/hips2fits?hips=CDS%2FP%2FDSS2%2Fcolor&width=500&height=500&fov=1&projection=SIN&coordsys=icrs&rotation_angle=0.0&object=Zavijava&format=jpg,"('F', '9', 'V')",255,1.1936696742331518,"[0.39950074485646414, 0.3782289096336686, 0.33744988755255695]"
Zhang,76.18293045260279,https://alasky.u-strasbg.fr/hips-image-services/hips2fits?hips=CDS%2FP%2FDSS2%2Fcolor&width=500&height=500&fov=1&projection=SIN&coordsys=icrs&rotation_angle=0.0&object=Zhang&format=jpg,"('G', '7', 'III')",255,40.426122002654566,"[0.4033222833279631, 0.3809834322736615, 0.3410632398907014]"
Zibal,36.50301149844862,https://alasky.u-strasbg.fr/hips-image-services/hips2fits?hips=CDS%2FP%2FDSS2%2Fcolor&width=500&height=500&fov=1&projection=SIN&coordsys=icrs&rotation_angle=0.0&object=Zibal&format=jpg,"('A', '4', 'V')",255,15.118020162782967,"[0.24679645392315078, 0.29872981468004095, 0.3498800219388455]"
Zubenelhakrabi,50.025012506253134,https://alasky.u-strasbg.fr/hips-image-services/hips2fits?hips=CDS%2FP%2FDSS2%2Fcolor&width=500&height=500&fov=1&projection=SIN&coordsys=icrs&rotation_angle=0.0&object=Zubenelhakrabi&format=jpg,"('G', '8.5', 'III')",255,46.15650048748618,"[0.40048905343022995, 0.34168661906218467, 0.25886958692388556]"
Zubeneschamali,56.75368898978434,https://alasky.u-strasbg.fr/hips-image-services/hips2fits?hips=CDS%2FP%2FDSS2%2Fcolor&width=500&height=500&fov=1&projection=SIN&coordsys=icrs&rotation_angle=0.0&object=Zubeneschamali&format=jpg,"('B', '8', 'V')",255,383.6866859166621,"[0.2506640300471481, 0.3508702375455587, 0.452823447218858]"
