Star Name,Distance (pc),Image URL
Absolutno,273.84505846592,https://alasky.u-strasbg.fr/hips-image-services/hips2fits?hips=CDS%2FP%2FDSS2%2Fcolor&width=500&height=500&fov=1&projection=SIN&coordsys=icrs&rotation_angle=0.0&object=Absolutno&format=jpg
Acamar,49.431537320810676,https://alasky.u-strasbg.fr/hips-image-services/hips2fits?hips=CDS%2FP%2FDSS2%2Fcolor&width=500&height=500&fov=1&projection=SIN&coordsys=icrs&rotation_angle=0.0&object=Acamar&format=jpg
Achernar,42.75331338178709,https://alasky.u-strasbg.fr/hips-image-services/hips2fits?hips=CDS%2FP%2FDSS2%2Fcolor&width=500&height=500&fov=1&projection=SIN&coordsys=icrs&rotation_angle=0.0&object=Achernar&format=jpg
Achird,5.923040746966515,https://alasky.u-strasbg.fr/hips-image-services/hips2fits?hips=CDS%2FP%2FDSS2%2Fcolor&width=500&height=500&fov=1&projection=SIN&coordsys=icrs&rotation_angle=0.0&object=Achird&format=jpg
Acrux,98.71668311944718,https://alasky.u-strasbg.fr/hips-image-services/hips2fits?hips=CDS%2FP%2FDSS2%2Fcolor&width=500&height=500&fov=1&projection=SIN&coordsys=icrs&rotation_angle=0.0&object=Acrux&format=jpg
Acubens,54.554183214768905,https://alasky.u-strasbg.fr/hips-image-services/hips2fits?hips=CDS%2FP%2FDSS2%2Fcolor&width=500&height=500&fov=1&projection=SIN&coordsys=icrs&rotation_angle=0.0&object=Acubens&format=jpg
Adhafera,71.23674106156993,https://alasky.u-strasbg.fr/hips-image-services/hips2fits?hips=CDS%2FP%2FDSS2%2Fcolor&width=500&height=500&fov=1&projection=SIN&coordsys=icrs&rotation_angle=0.0&object=Adhafera&format=jpg
Adhara,124.22360248447205,https://alasky.u-strasbg.fr/hips-image-services/hips2fits?hips=CDS%2FP%2FDSS2%2Fcolor&width=500&height=500&fov=1&projection=SIN&coordsys=icrs&rotation_angle=0.0&object=Adhara&format=jpg
Adhil,68.47345284233302,https://alasky.u-strasbg.fr/hips-image-services/hips2fits?hips=CDS%2FP%2FDSS2%2Fcolor&width=500&height=500&fov=1&projection=SIN&coordsys=icrs&rotation_angle=0.0&object=Adhil&format=jpg
Ainalrami,543.8625115570784,https://alasky.u-strasbg.fr/hips-image-services/hips2fits?hips=CDS%2FP%2FDSS2%2Fcolor&width=500&height=500&fov=1&projection=SIN&coordsys=icrs&rotation_angle=0.0&object=Ainalrami&format=jpg
Aladfar,425.531914893617,https://alasky.u-strasbg.fr/hips-image-services/hips2fits?hips=CDS%2FP%2FDSS2%2Fcolor&width=500&height=500&fov=1&projection=SIN&coordsys=icrs&rotation_angle=0.0&object=Aladfar&format=jpg
Alasia,41.686815294058796,https://alasky.u-strasbg.fr/hips-image-services/hips2fits?hips=CDS%2FP%2FDSS2%2Fcolor&width=500&height=500&fov=1&projection=SIN&coordsys=icrs&rotation_angle=0.0&object=Alasia&format=jpg
Albaldah,156.25,https://alasky.u-strasbg.fr/hips-image-services/hips2fits?hips=CDS%2FP%2FDSS2%2Fcolor&width=500&height=500&fov=1&projection=SIN&coordsys=icrs&rotation_angle=0.0&object=Albaldah&format=jpg
Albali,74.83965603694085,https://alasky.u-strasbg.fr/hips-image-services/hips2fits?hips=CDS%2FP%2FDSS2%2Fcolor&width=500&height=500&fov=1&projection=SIN&coordsys=icrs&rotation_angle=0.0&object=Albali&format=jpg
Albireo,133.15579227696404,https://alasky.u-strasbg.fr/hips-image-services/hips2fits?hips=CDS%2FP%2FDSS2%2Fcolor&width=500&height=500&fov=1&projection=SIN&coordsys=icrs&rotation_angle=0.0&object=Albireo&format=jpg
Alchiba,14.976875703913159,https://alasky.u-strasbg.fr/hips-image-services/hips2fits?hips=CDS%2FP%2FDSS2%2Fcolor&width=500&height=500&fov=1&projection=SIN&coordsys=icrs&rotation_angle=0.0&object=Alchiba&format=jpg
Alcor,25.056376847907796,https://alasky.u-strasbg.fr/hips-image-services/hips2fits?hips=CDS%2FP%2FDSS2%2Fcolor&width=500&height=500&fov=1&projection=SIN&coordsys=icrs&rotation_angle=0.0&object=Alcor&format=jpg
Alcyone,123.60939431396787,https://alasky.u-strasbg.fr/hips-image-services/hips2fits?hips=CDS%2FP%2FDSS2%2Fcolor&width=500&height=500&fov=1&projection=SIN&coordsys=icrs&rotation_angle=0.0&object=Alcyone&format=jpg
Aldebaran,20.43318348998774,https://alasky.u-strasbg.fr/hips-image-services/hips2fits?hips=CDS%2FP%2FDSS2%2Fcolor&width=500&height=500&fov=1&projection=SIN&coordsys=icrs&rotation_angle=0.0&object=Aldebaran&format=jpg
Alderamin,15.037593984962406,https://alasky.u-strasbg.fr/hips-image-services/hips2fits?hips=CDS%2FP%2FDSS2%2Fcolor&width=500&height=500&fov=1&projection=SIN&coordsys=icrs&rotation_angle=0.0&object=Alderamin&format=jpg
Aldhanab,56.15453728661276,https://alasky.u-strasbg.fr/hips-image-services/hips2fits?hips=CDS%2FP%2FDSS2%2Fcolor&width=500&height=500&fov=1&projection=SIN&coordsys=icrs&rotation_angle=0.0&object=Aldhanab&format=jpg
Aldhibah,100.70493454179255,https://alasky.u-strasbg.fr/hips-image-services/hips2fits?hips=CDS%2FP%2FDSS2%2Fcolor&width=500&height=500&fov=1&projection=SIN&coordsys=icrs&rotation_angle=0.0&object=Aldhibah&format=jpg
Aldulfin,112.1717573949231,https://alasky.u-strasbg.fr/hips-image-services/hips2fits?hips=CDS%2FP%2FDSS2%2Fcolor&width=500&height=500&fov=1&projection=SIN&coordsys=icrs&rotation_angle=0.0&object=Aldulfin&format=jpg
Alfirk,210.0840336134454,https://alasky.u-strasbg.fr/hips-image-services/hips2fits?hips=CDS%2FP%2FDSS2%2Fcolor&width=500&height=500&fov=1&projection=SIN&coordsys=icrs&rotation_angle=0.0&object=Alfirk&format=jpg
Algedi,33.42916360232667,https://alasky.u-strasbg.fr/hips-image-services/hips2fits?hips=CDS%2FP%2FDSS2%2Fcolor&width=500&height=500&fov=1&projection=SIN&coordsys=icrs&rotation_angle=0.0&object=Algedi&format=jpg
Algenib,120.04801920768307,https://alasky.u-strasbg.fr/hips-image-services/hips2fits?hips=CDS%2FP%2FDSS2%2Fcolor&width=500&height=500&fov=1&projection=SIN&coordsys=icrs&rotation_angle=0.0&object=Algenib&format=jpg
Algieba,39.88831272437176,https://alasky.u-strasbg.fr/hips-image-services/hips2fits?hips=CDS%2FP%2FDSS2%2Fcolor&width=500&height=500&fov=1&projection=SIN&coordsys=icrs&rotation_angle=0.0&object=Algieba&format=jpg
Algol,27.570995312930794,https://alasky.u-strasbg.fr/hips-image-services/hips2fits?hips=CDS%2FP%2FDSS2%2Fcolor&width=500&height=500&fov=1&projection=SIN&coordsys=icrs&rotation_angle=0.0&object=Algol&format=jpg
Algorab,26.63115845539281,https://alasky.u-strasbg.fr/hips-image-services/hips2fits?hips=CDS%2FP%2FDSS2%2Fcolor&width=500&height=500&fov=1&projection=SIN&coordsys=icrs&rotation_angle=0.0&object=Algorab&format=jpg
Alhena,33.51206434316354,https://alasky.u-strasbg.fr/hips-image-services/hips2fits?hips=CDS%2FP%2FDSS2%2Fcolor&width=500&height=500&fov=1&projection=SIN&coordsys=icrs&rotation_angle=0.0&object=Alhena&format=jpg
Alioth,25.31004808909137,https://alasky.u-strasbg.fr/hips-image-services/hips2fits?hips=CDS%2FP%2FDSS2%2Fcolor&width=500&height=500&fov=1&projection=SIN&coordsys=icrs&rotation_angle=0.0&object=Alioth&format=jpg
Aljanah,23.16053259960766,https://alasky.u-strasbg.fr/hips-image-services/hips2fits?hips=CDS%2FP%2FDSS2%2Fcolor&width=500&height=500&fov=1&projection=SIN&coordsys=icrs&rotation_angle=0.0&object=Aljanah&format=jpg
Alkaid,31.86743148502231,https://alasky.u-strasbg.fr/hips-image-services/hips2fits?hips=CDS%2FP%2FDSS2%2Fcolor&width=500&height=500&fov=1&projection=SIN&coordsys=icrs&rotation_angle=0.0&object=Alkaid&format=jpg
Alkalurops,37.62807656561019,https://alasky.u-strasbg.fr/hips-image-services/hips2fits?hips=CDS%2FP%2FDSS2%2Fcolor&width=500&height=500&fov=1&projection=SIN&coordsys=icrs&rotation_angle=0.0&object=Alkalurops&format=jpg
Alkaphrah,109.89010989010988,https://alasky.u-strasbg.fr/hips-image-services/hips2fits?hips=CDS%2FP%2FDSS2%2Fcolor&width=500&height=500&fov=1&projection=SIN&coordsys=icrs&rotation_angle=0.0&object=Alkaphrah&format=jpg
Alkarab,53.458497495469395,https://alasky.u-strasbg.fr/hips-image-services/hips2fits?hips=CDS%2FP%2FDSS2%2Fcolor&width=500&height=500&fov=1&projection=SIN&coordsys=icrs&rotation_angle=0.0&object=Alkarab&format=jpg
Alkes,49.09348873058966,https://alasky.u-strasbg.fr/hips-image-services/hips2fits?hips=CDS%2FP%2FDSS2%2Fcolor&width=500&height=500&fov=1&projection=SIN&coordsys=icrs&rotation_angle=0.0&object=Alkes&format=jpg
Almaaz,1012.2482032594392,https://alasky.u-strasbg.fr/hips-image-services/hips2fits?hips=CDS%2FP%2FDSS2%2Fcolor&width=500&height=500&fov=1&projection=SIN&coordsys=icrs&rotation_angle=0.0&object=Almaaz&format=jpg
Almach,120.48192771084337,https://alasky.u-strasbg.fr/hips-image-services/hips2fits?hips=CDS%2FP%2FDSS2%2Fcolor&width=500&height=500&fov=1&projection=SIN&coordsys=icrs&rotation_angle=0.0&object=Almach&format=jpg
Alnair,30.96934035305048,https://alasky.u-strasbg.fr/hips-image-services/hips2fits?hips=CDS%2FP%2FDSS2%2Fcolor&width=500&height=500&fov=1&projection=SIN&coordsys=icrs&rotation_angle=0.0&object=Alnair&format=jpg
Alnasl,29.700029700029702,https://alasky.u-strasbg.fr/hips-image-services/hips2fits?hips=CDS%2FP%2FDSS2%2Fcolor&width=500&height=500&fov=1&projection=SIN&coordsys=icrs&rotation_angle=0.0&object=Alnasl&format=jpg
Alnilam,606.0606060606061,https://alasky.u-strasbg.fr/hips-image-services/hips2fits?hips=CDS%2FP%2FDSS2%2Fcolor&width=500&height=500&fov=1&projection=SIN&coordsys=icrs&rotation_angle=0.0&object=Alnilam&format=jpg
Alnitak,225.73363431151242,https://alasky.u-strasbg.fr/hips-image-services/hips2fits?hips=CDS%2FP%2FDSS2%2Fcolor&width=500&height=500&fov=1&projection=SIN&coordsys=icrs&rotation_angle=0.0&object=Alnitak&format=jpg
Alniyat,213.67521367521366,https://alasky.u-strasbg.fr/hips-image-services/hips2fits?hips=CDS%2FP%2FDSS2%2Fcolor&width=500&height=500&fov=1&projection=SIN&coordsys=icrs&rotation_angle=0.0&object=Alniyat&format=jpg
Alphard,55.279159756771705,https://alasky.u-strasbg.fr/hips-image-services/hips2fits?hips=CDS%2FP%2FDSS2%2Fcolor&width=500&height=500&fov=1&projection=SIN&coordsys=icrs&rotation_angle=0.0&object=Alphard&format=jpg
Alphecca,23.00966405890474,https://alasky.u-strasbg.fr/hips-image-services/hips2fits?hips=CDS%2FP%2FDSS2%2Fcolor&width=500&height=500&fov=1&projection=SIN&coordsys=icrs&rotation_angle=0.0&object=Alphecca&format=jpg
Alpheratz,29.744199881023203,https://alasky.u-strasbg.fr/hips-image-services/hips2fits?hips=CDS%2FP%2FDSS2%2Fcolor&width=500&height=500&fov=1&projection=SIN&coordsys=icrs&rotation_angle=0.0&object=Alpheratz&format=jpg
Alpherg,114.50163164825099,https://alasky.u-strasbg.fr/hips-image-services/hips2fits?hips=CDS%2FP%2FDSS2%2Fcolor&width=500&height=500&fov=1&projection=SIN&coordsys=icrs&rotation_angle=0.0&object=Alpherg&format=jpg
Alrakis,27.434842249657063,https://alasky.u-strasbg.fr/hips-image-services/hips2fits?hips=CDS%2FP%2FDSS2%2Fcolor&width=500&height=500&fov=1&projection=SIN&coordsys=icrs&rotation_angle=0.0&object=Alrakis&format=jpg
Alrescha,46.16805170821792,https://alasky.u-strasbg.fr/hips-image-services/hips2fits?hips=CDS%2FP%2FDSS2%2Fcolor&width=500&height=500&fov=1&projection=SIN&coordsys=icrs&rotation_angle=0.0&object=Alrescha&format=jpg
Alruba,142.3122900893721,https://alasky.u-strasbg.fr/hips-image-services/hips2fits?hips=CDS%2FP%2FDSS2%2Fcolor&width=500&height=500&fov=1&projection=SIN&coordsys=icrs&rotation_angle=0.0&object=Alruba&format=jpg
Alsafi,5.7638914105913805,https://alasky.u-strasbg.fr/hips-image-services/hips2fits?hips=CDS%2FP%2FDSS2%2Fcolor&width=500&height=500&fov=1&projection=SIN&coordsys=icrs&rotation_angle=0.0&object=Alsafi&format=jpg
Alsciaukat,117.2332942555686,https://alasky.u-strasbg.fr/hips-image-services/hips2fits?hips=CDS%2FP%2FDSS2%2Fcolor&width=500&height=500&fov=1&projection=SIN&coordsys=icrs&rotation_angle=0.0&object=Alsciaukat&format=jpg
Alsephina,24.69745616201531,https://alasky.u-strasbg.fr/hips-image-services/hips2fits?hips=CDS%2FP%2FDSS2%2Fcolor&width=500&height=500&fov=1&projection=SIN&coordsys=icrs&rotation_angle=0.0&object=Alsephina&format=jpg
Alshain,13.600834547207816,https://alasky.u-strasbg.fr/hips-image-services/hips2fits?hips=CDS%2FP%2FDSS2%2Fcolor&width=500&height=500&fov=1&projection=SIN&coordsys=icrs&rotation_angle=0.0&object=Alshain&format=jpg
Alshat,82.14429466801383,https://alasky.u-strasbg.fr/hips-image-services/hips2fits?hips=CDS%2FP%2FDSS2%2Fcolor&width=500&height=500&fov=1&projection=SIN&coordsys=icrs&rotation_angle=0.0&object=Alshat&format=jpg
Altair,5.12952038984355,https://alasky.u-strasbg.fr/hips-image-services/hips2fits?hips=CDS%2FP%2FDSS2%2Fcolor&width=500&height=500&fov=1&projection=SIN&coordsys=icrs&rotation_angle=0.0&object=Altair&format=jpg
Altais,29.98509740658893,https://alasky.u-strasbg.fr/hips-image-services/hips2fits?hips=CDS%2FP%2FDSS2%2Fcolor&width=500&height=500&fov=1&projection=SIN&coordsys=icrs&rotation_angle=0.0&object=Altais&format=jpg
Alterf,114.21392267717435,https://alasky.u-strasbg.fr/hips-image-services/hips2fits?hips=CDS%2FP%2FDSS2%2Fcolor&width=500&height=500&fov=1&projection=SIN&coordsys=icrs&rotation_angle=0.0&object=Alterf&format=jpg
Aludra,609.7560975609756,https://alasky.u-strasbg.fr/hips-image-services/hips2fits?hips=CDS%2FP%2FDSS2%2Fcolor&width=500&height=500&fov=1&projection=SIN&coordsys=icrs&rotation_angle=0.0&object=Aludra&format=jpg
Alula Australis,8.833922261484098,https://alasky.u-strasbg.fr/hips-image-services/hips2fits?hips=CDS%2FP%2FDSS2%2Fcolor&width=500&height=500&fov=1&projection=SIN&coordsys=icrs&rotation_angle=0.0&object=Alula Australis&format=jpg
Alula Borealis,122.39902080783354,https://alasky.u-strasbg.fr/hips-image-services/hips2fits?hips=CDS%2FP%2FDSS2%2Fcolor&width=500&height=500&fov=1&projection=SIN&coordsys=icrs&rotation_angle=0.0&object=Alula Borealis&format=jpg
Alzirr,17.998560115190784,https://alasky.u-strasbg.fr/hips-image-services/hips2fits?hips=CDS%2FP%2FDSS2%2Fcolor&width=500&height=500&fov=1&projection=SIN&coordsys=icrs&rotation_angle=0.0&object=Alzirr&format=jpg
Amadioha,62.43327443794445,https://alasky.u-strasbg.fr/hips-image-services/hips2fits?hips=CDS%2FP%2FDSS2%2Fcolor&width=500&height=500&fov=1&projection=SIN&coordsys=icrs&rotation_angle=0.0&object=Amadioha&format=jpg
Amansinaya,131.21465405256458,https://alasky.u-strasbg.fr/hips-image-services/hips2fits?hips=CDS%2FP%2FDSS2%2Fcolor&width=500&height=500&fov=1&projection=SIN&coordsys=icrs&rotation_angle=0.0&object=Amansinaya&format=jpg
Anadolu,174.6358841814816,https://alasky.u-strasbg.fr/hips-image-services/hips2fits?hips=CDS%2FP%2FDSS2%2Fcolor&width=500&height=500&fov=1&projection=SIN&coordsys=icrs&rotation_angle=0.0&object=Anadolu&format=jpg
Ancha,58.51614753091115,https://alasky.u-strasbg.fr/hips-image-services/hips2fits?hips=CDS%2FP%2FDSS2%2Fcolor&width=500&height=500&fov=1&projection=SIN&coordsys=icrs&rotation_angle=0.0&object=Ancha&format=jpg
Angetenar,59.54862144941345,https://alasky.u-strasbg.fr/hips-image-services/hips2fits?hips=CDS%2FP%2FDSS2%2Fcolor&width=500&height=500&fov=1&projection=SIN&coordsys=icrs&rotation_angle=0.0&object=Angetenar&format=jpg
Aniara,122.41250566157838,https://alasky.u-strasbg.fr/hips-image-services/hips2fits?hips=CDS%2FP%2FDSS2%2Fcolor&width=500&height=500&fov=1&projection=SIN&coordsys=icrs&rotation_angle=0.0&object=Aniara&format=jpg
Ankaa,25.974025974025974,https://alasky.u-strasbg.fr/hips-image-services/hips2fits?hips=CDS%2FP%2FDSS2%2Fcolor&width=500&height=500&fov=1&projection=SIN&coordsys=icrs&rotation_angle=0.0&object=Ankaa&format=jpg
Anser,89.09638446871826,https://alasky.u-strasbg.fr/hips-image-services/hips2fits?hips=CDS%2FP%2FDSS2%2Fcolor&width=500&height=500&fov=1&projection=SIN&coordsys=icrs&rotation_angle=0.0&object=Anser&format=jpg
Antares,169.77928692699493,https://alasky.u-strasbg.fr/hips-image-services/hips2fits?hips=CDS%2FP%2FDSS2%2Fcolor&width=500&height=500&fov=1&projection=SIN&coordsys=icrs&rotation_angle=0.0&object=Antares&format=jpg
Arcalis,132.50298131707964,https://alasky.u-strasbg.fr/hips-image-services/hips2fits?hips=CDS%2FP%2FDSS2%2Fcolor&width=500&height=500&fov=1&projection=SIN&coordsys=icrs&rotation_angle=0.0&object=Arcalis&format=jpg
Arcturus,11.257458065968706,https://alasky.u-strasbg.fr/hips-image-services/hips2fits?hips=CDS%2FP%2FDSS2%2Fcolor&width=500&height=500&fov=1&projection=SIN&coordsys=icrs&rotation_angle=0.0&object=Arcturus&format=jpg
Arkab Posterior,41.135335252982316,https://alasky.u-strasbg.fr/hips-image-services/hips2fits?hips=CDS%2FP%2FDSS2%2Fcolor&width=500&height=500&fov=1&projection=SIN&coordsys=icrs&rotation_angle=0.0&object=Arkab Posterior&format=jpg
Arkab Prior,119.35737986679717,https://alasky.u-strasbg.fr/hips-image-services/hips2fits?hips=CDS%2FP%2FDSS2%2Fcolor&width=500&height=500&fov=1&projection=SIN&coordsys=icrs&rotation_angle=0.0&object=Arkab Prior&format=jpg
Arneb,680.2721088435375,https://alasky.u-strasbg.fr/hips-image-services/hips2fits?hips=CDS%2FP%2FDSS2%2Fcolor&width=500&height=500&fov=1&projection=SIN&coordsys=icrs&rotation_angle=0.0&object=Arneb&format=jpg
Ascella,27.041644131963224,https://alasky.u-strasbg.fr/hips-image-services/hips2fits?hips=CDS%2FP%2FDSS2%2Fcolor&width=500&height=500&fov=1&projection=SIN&coordsys=icrs&rotation_angle=0.0&object=Ascella&format=jpg
Asellus Australis,41.969018470565025,https://alasky.u-strasbg.fr/hips-image-services/hips2fits?hips=CDS%2FP%2FDSS2%2Fcolor&width=500&height=500&fov=1&projection=SIN&coordsys=icrs&rotation_angle=0.0&object=Asellus Australis&format=jpg
Asellus Borealis,53.639147995773236,https://alasky.u-strasbg.fr/hips-image-services/hips2fits?hips=CDS%2FP%2FDSS2%2Fcolor&width=500&height=500&fov=1&projection=SIN&coordsys=icrs&rotation_angle=0.0&object=Asellus Borealis&format=jpg
Ashlesha,39.635354736424894,https://alasky.u-strasbg.fr/hips-image-services/hips2fits?hips=CDS%2FP%2FDSS2%2Fcolor&width=500&height=500&fov=1&projection=SIN&coordsys=icrs&rotation_angle=0.0&object=Ashlesha&format=jpg
Aspidiske,234.7417840375587,https://alasky.u-strasbg.fr/hips-image-services/hips2fits?hips=CDS%2FP%2FDSS2%2Fcolor&width=500&height=500&fov=1&projection=SIN&coordsys=icrs&rotation_angle=0.0&object=Aspidiske&format=jpg
Asterope,136.88691771727377,https://alasky.u-strasbg.fr/hips-image-services/hips2fits?hips=CDS%2FP%2FDSS2%2Fcolor&width=500&height=500&fov=1&projection=SIN&coordsys=icrs&rotation_angle=0.0&object=Asterope&format=jpg
Atakoraka,360.73734713754914,https://alasky.u-strasbg.fr/hips-image-services/hips2fits?hips=CDS%2FP%2FDSS2%2Fcolor&width=500&height=500&fov=1&projection=SIN&coordsys=icrs&rotation_angle=0.0&object=Atakoraka&format=jpg
Athebyne,27.998420889061858,https://alasky.u-strasbg.fr/hips-image-services/hips2fits?hips=CDS%2FP%2FDSS2%2Fcolor&width=500&height=500&fov=1&projection=SIN&coordsys=icrs&rotation_angle=0.0&object=Athebyne&format=jpg
Atik,343.64261168384877,https://alasky.u-strasbg.fr/hips-image-services/hips2fits?hips=CDS%2FP%2FDSS2%2Fcolor&width=500&height=500&fov=1&projection=SIN&coordsys=icrs&rotation_angle=0.0&object=Atik&format=jpg
Atlas,117.2332942555686,https://alasky.u-strasbg.fr/hips-image-services/hips2fits?hips=CDS%2FP%2FDSS2%2Fcolor&width=500&height=500&fov=1&projection=SIN&coordsys=icrs&rotation_angle=0.0&object=Atlas&format=jpg
Atria,119.76047904191617,https://alasky.u-strasbg.fr/hips-image-services/hips2fits?hips=CDS%2FP%2FDSS2%2Fcolor&width=500&height=500&fov=1&projection=SIN&coordsys=icrs&rotation_angle=0.0&object=Atria&format=jpg
Avior,185.5287569573284,https://alasky.u-strasbg.fr/hips-image-services/hips2fits?hips=CDS%2FP%2FDSS2%2Fcolor&width=500&height=500&fov=1&projection=SIN&coordsys=icrs&rotation_angle=0.0&object=Avior&format=jpg
Axolotl,94.52153200499073,https://alasky.u-strasbg.fr/hips-image-services/hips2fits?hips=CDS%2FP%2FDSS2%2Fcolor&width=500&height=500&fov=1&projection=SIN&coordsys=icrs&rotation_angle=0.0&object=Axolotl&format=jpg
Ayeyarwady,161.66057745158267,https://alasky.u-strasbg.fr/hips-image-services/hips2fits?hips=CDS%2FP%2FDSS2%2Fcolor&width=500&height=500&fov=1&projection=SIN&coordsys=icrs&rotation_angle=0.0&object=Ayeyarwady&format=jpg
Azelfafage,529.1005291005291,https://alasky.u-strasbg.fr/hips-image-services/hips2fits?hips=CDS%2FP%2FDSS2%2Fcolor&width=500&height=500&fov=1&projection=SIN&coordsys=icrs&rotation_angle=0.0&object=Azelfafage&format=jpg
Azha,41.291942290381456,https://alasky.u-strasbg.fr/hips-image-services/hips2fits?hips=CDS%2FP%2FDSS2%2Fcolor&width=500&height=500&fov=1&projection=SIN&coordsys=icrs&rotation_angle=0.0&object=Azha&format=jpg
Azmidi,367.6470588235294,https://alasky.u-strasbg.fr/hips-image-services/hips2fits?hips=CDS%2FP%2FDSS2%2Fcolor&width=500&height=500&fov=1&projection=SIN&coordsys=icrs&rotation_angle=0.0&object=Azmidi&format=jpg
Baekdu,163.1907046574627,https://alasky.u-strasbg.fr/hips-image-services/hips2fits?hips=CDS%2FP%2FDSS2%2Fcolor&width=500&height=500&fov=1&projection=SIN&coordsys=icrs&rotation_angle=0.0&object=Baekdu&format=jpg
Barnard's Star,1.828234114153841,https://alasky.u-strasbg.fr/hips-image-services/hips2fits?hips=CDS%2FP%2FDSS2%2Fcolor&width=500&height=500&fov=1&projection=SIN&coordsys=icrs&rotation_angle=0.0&object=Barnard's Star&format=jpg
Baten Kaitos,77.65783955890346,https://alasky.u-strasbg.fr/hips-image-services/hips2fits?hips=CDS%2FP%2FDSS2%2Fcolor&width=500&height=500&fov=1&projection=SIN&coordsys=icrs&rotation_angle=0.0&object=Baten Kaitos&format=jpg
Beemim,89.87148377819716,https://alasky.u-strasbg.fr/hips-image-services/hips2fits?hips=CDS%2FP%2FDSS2%2Fcolor&width=500&height=500&fov=1&projection=SIN&coordsys=icrs&rotation_angle=0.0&object=Beemim&format=jpg
Beid,38.29994216708733,https://alasky.u-strasbg.fr/hips-image-services/hips2fits?hips=CDS%2FP%2FDSS2%2Fcolor&width=500&height=500&fov=1&projection=SIN&coordsys=icrs&rotation_angle=0.0&object=Beid&format=jpg
Belel,120.52258593260377,https://alasky.u-strasbg.fr/hips-image-services/hips2fits?hips=CDS%2FP%2FDSS2%2Fcolor&width=500&height=500&fov=1&projection=SIN&coordsys=icrs&rotation_angle=0.0&object=Belel&format=jpg
Belenos,44.831791119718815,https://alasky.u-strasbg.fr/hips-image-services/hips2fits?hips=CDS%2FP%2FDSS2%2Fcolor&width=500&height=500&fov=1&projection=SIN&coordsys=icrs&rotation_angle=0.0&object=Belenos&format=jpg
Bellatrix,77.39938080495357,https://alasky.u-strasbg.fr/hips-image-services/hips2fits?hips=CDS%2FP%2FDSS2%2Fcolor&width=500&height=500&fov=1&projection=SIN&coordsys=icrs&rotation_angle=0.0&object=Bellatrix&format=jpg
Berehynia,192.84171551990124,https://alasky.u-strasbg.fr/hips-image-services/hips2fits?hips=CDS%2FP%2FDSS2%2Fcolor&width=500&height=500&fov=1&projection=SIN&coordsys=icrs&rotation_angle=0.0&object=Berehynia&format=jpg
Betelgeuse,152.67175572519085,https://alasky.u-strasbg.fr/hips-image-services/hips2fits?hips=CDS%2FP%2FDSS2%2Fcolor&width=500&height=500&fov=1&projection=SIN&coordsys=icrs&rotation_angle=0.0&object=Betelgeuse&format=jpg
Bharani,50.78720162519045,https://alasky.u-strasbg.fr/hips-image-services/hips2fits?hips=CDS%2FP%2FDSS2%2Fcolor&width=500&height=500&fov=1&projection=SIN&coordsys=icrs&rotation_angle=0.0&object=Bharani&format=jpg
Bibha,103.32393085562546,https://alasky.u-strasbg.fr/hips-image-services/hips2fits?hips=CDS%2FP%2FDSS2%2Fcolor&width=500&height=500&fov=1&projection=SIN&coordsys=icrs&rotation_angle=0.0&object=Bibha&format=jpg
Biham,27.19771104063882,https://alasky.u-strasbg.fr/hips-image-services/hips2fits?hips=CDS%2FP%2FDSS2%2Fcolor&width=500&height=500&fov=1&projection=SIN&coordsys=icrs&rotation_angle=0.0&object=Biham&format=jpg
Bosona,147.8480713219096,https://alasky.u-strasbg.fr/hips-image-services/hips2fits?hips=CDS%2FP%2FDSS2%2Fcolor&width=500&height=500&fov=1&projection=SIN&coordsys=icrs&rotation_angle=0.0&object=Bosona&format=jpg
Botein,50.57375929924999,https://alasky.u-strasbg.fr/hips-image-services/hips2fits?hips=CDS%2FP%2FDSS2%2Fcolor&width=500&height=500&fov=1&projection=SIN&coordsys=icrs&rotation_angle=0.0&object=Botein&format=jpg
Brachium,79.75308445054112,https://alasky.u-strasbg.fr/hips-image-services/hips2fits?hips=CDS%2FP%2FDSS2%2Fcolor&width=500&height=500&fov=1&projection=SIN&coordsys=icrs&rotation_angle=0.0&object=Brachium&format=jpg
Bubup,38.043933133983124,https://alasky.u-strasbg.fr/hips-image-services/hips2fits?hips=CDS%2FP%2FDSS2%2Fcolor&width=500&height=500&fov=1&projection=SIN&coordsys=icrs&rotation_angle=0.0&object=Bubup&format=jpg
Buna,59.998800023999515,https://alasky.u-strasbg.fr/hips-image-services/hips2fits?hips=CDS%2FP%2FDSS2%2Fcolor&width=500&height=500&fov=1&projection=SIN&coordsys=icrs&rotation_angle=0.0&object=Buna&format=jpg
Bunda,54.84741449288081,https://alasky.u-strasbg.fr/hips-image-services/hips2fits?hips=CDS%2FP%2FDSS2%2Fcolor&width=500&height=500&fov=1&projection=SIN&coordsys=icrs&rotation_angle=0.0&object=Bunda&format=jpg
Canopus,94.7867298578199,https://alasky.u-strasbg.fr/hips-image-services/hips2fits?hips=CDS%2FP%2FDSS2%2Fcolor&width=500&height=500&fov=1&projection=SIN&coordsys=icrs&rotation_angle=0.0&object=Canopus&format=jpg
Capella,13.123359580052492,https://alasky.u-strasbg.fr/hips-image-services/hips2fits?hips=CDS%2FP%2FDSS2%2Fcolor&width=500&height=500&fov=1&projection=SIN&coordsys=icrs&rotation_angle=0.0&object=Capella&format=jpg
Caph,16.784155756965426,https://alasky.u-strasbg.fr/hips-image-services/hips2fits?hips=CDS%2FP%2FDSS2%2Fcolor&width=500&height=500&fov=1&projection=SIN&coordsys=icrs&rotation_angle=0.0&object=Caph&format=jpg
Castor,15.595757953836554,https://alasky.u-strasbg.fr/hips-image-services/hips2fits?hips=CDS%2FP%2FDSS2%2Fcolor&width=500&height=500&fov=1&projection=SIN&coordsys=icrs&rotation_angle=0.0&object=Castor&format=jpg
Castula,60.07268795242244,https://alasky.u-strasbg.fr/hips-image-services/hips2fits?hips=CDS%2FP%2FDSS2%2Fcolor&width=500&height=500&fov=1&projection=SIN&coordsys=icrs&rotation_angle=0.0&object=Castula&format=jpg
Cebalrai,25.49173557932518,https://alasky.u-strasbg.fr/hips-image-services/hips2fits?hips=CDS%2FP%2FDSS2%2Fcolor&width=500&height=500&fov=1&projection=SIN&coordsys=icrs&rotation_angle=0.0&object=Cebalrai&format=jpg
Ceibo,37.65896791832523,https://alasky.u-strasbg.fr/hips-image-services/hips2fits?hips=CDS%2FP%2FDSS2%2Fcolor&width=500&height=500&fov=1&projection=SIN&coordsys=icrs&rotation_angle=0.0&object=Ceibo&format=jpg
Celaeno,135.4059470291935,https://alasky.u-strasbg.fr/hips-image-services/hips2fits?hips=CDS%2FP%2FDSS2%2Fcolor&width=500&height=500&fov=1&projection=SIN&coordsys=icrs&rotation_angle=0.0&object=Celaeno&format=jpg
Cervantes,15.604202523823716,https://alasky.u-strasbg.fr/hips-image-services/hips2fits?hips=CDS%2FP%2FDSS2%2Fcolor&width=500&height=500&fov=1&projection=SIN&coordsys=icrs&rotation_angle=0.0&object=Cervantes&format=jpg
Chalawan,13.887538711514159,https://alasky.u-strasbg.fr/hips-image-services/hips2fits?hips=CDS%2FP%2FDSS2%2Fcolor&width=500&height=500&fov=1&projection=SIN&coordsys=icrs&rotation_angle=0.0&object=Chalawan&format=jpg
Chamukuy,45.845272206303726,https://alasky.u-strasbg.fr/hips-image-services/hips2fits?hips=CDS%2FP%2FDSS2%2Fcolor&width=500&height=500&fov=1&projection=SIN&coordsys=icrs&rotation_angle=0.0&object=Chamukuy&format=jpg
Chaophraya,182.26556092226375,https://alasky.u-strasbg.fr/hips-image-services/hips2fits?hips=CDS%2FP%2FDSS2%2Fcolor&width=500&height=500&fov=1&projection=SIN&coordsys=icrs&rotation_angle=0.0&object=Chaophraya&format=jpg
Chara,8.47266633114908,https://alasky.u-strasbg.fr/hips-image-services/hips2fits?hips=CDS%2FP%2FDSS2%2Fcolor&width=500&height=500&fov=1&projection=SIN&coordsys=icrs&rotation_angle=0.0&object=Chara&format=jpg
Chason,310.71339796172015,https://alasky.u-strasbg.fr/hips-image-services/hips2fits?hips=CDS%2FP%2FDSS2%2Fcolor&width=500&height=500&fov=1&projection=SIN&coordsys=icrs&rotation_angle=0.0&object=Chason&format=jpg
Chechia,72.85231378948596,https://alasky.u-strasbg.fr/hips-image-services/hips2fits?hips=CDS%2FP%2FDSS2%2Fcolor&width=500&height=500&fov=1&projection=SIN&coordsys=icrs&rotation_angle=0.0&object=Chechia&format=jpg
Chertan,49.22228785193936,https://alasky.u-strasbg.fr/hips-image-services/hips2fits?hips=CDS%2FP%2FDSS2%2Fcolor&width=500&height=500&fov=1&projection=SIN&coordsys=icrs&rotation_angle=0.0&object=Chertan&format=jpg
Citadelle,192.24114729516705,https://alasky.u-strasbg.fr/hips-image-services/hips2fits?hips=CDS%2FP%2FDSS2%2Fcolor&width=500&height=500&fov=1&projection=SIN&coordsys=icrs&rotation_angle=0.0&object=Citadelle&format=jpg
Citala,29.91772625280479,https://alasky.u-strasbg.fr/hips-image-services/hips2fits?hips=CDS%2FP%2FDSS2%2Fcolor&width=500&height=500&fov=1&projection=SIN&coordsys=icrs&rotation_angle=0.0&object=Citala&format=jpg
Cocibolca,34.10792429405124,https://alasky.u-strasbg.fr/hips-image-services/hips2fits?hips=CDS%2FP%2FDSS2%2Fcolor&width=500&height=500&fov=1&projection=SIN&coordsys=icrs&rotation_angle=0.0&object=Cocibolca&format=jpg
Copernicus,12.58681757421817,https://alasky.u-strasbg.fr/hips-image-services/hips2fits?hips=CDS%2FP%2FDSS2%2Fcolor&width=500&height=500&fov=1&projection=SIN&coordsys=icrs&rotation_angle=0.0&object=Copernicus&format=jpg
Cor Caroli,30.559825442277074,https://alasky.u-strasbg.fr/hips-image-services/hips2fits?hips=CDS%2FP%2FDSS2%2Fcolor&width=500&height=500&fov=1&projection=SIN&coordsys=icrs&rotation_angle=0.0&object=Cor Caroli&format=jpg
Cujam,76.31607063815498,https://alasky.u-strasbg.fr/hips-image-services/hips2fits?hips=CDS%2FP%2FDSS2%2Fcolor&width=500&height=500&fov=1&projection=SIN&coordsys=icrs&rotation_angle=0.0&object=Cujam&format=jpg
Cursa,27.589555697795042,https://alasky.u-strasbg.fr/hips-image-services/hips2fits?hips=CDS%2FP%2FDSS2%2Fcolor&width=500&height=500&fov=1&projection=SIN&coordsys=icrs&rotation_angle=0.0&object=Cursa&format=jpg
Dalim,13.998994872168177,https://alasky.u-strasbg.fr/hips-image-services/hips2fits?hips=CDS%2FP%2FDSS2%2Fcolor&width=500&height=500&fov=1&projection=SIN&coordsys=icrs&rotation_angle=0.0&object=Dalim&format=jpg
Deneb,432.9004329004329,https://alasky.u-strasbg.fr/hips-image-services/hips2fits?hips=CDS%2FP%2FDSS2%2Fcolor&width=500&height=500&fov=1&projection=SIN&coordsys=icrs&rotation_angle=0.0&object=Deneb&format=jpg
Deneb Algedi,11.866619200189866,https://alasky.u-strasbg.fr/hips-image-services/hips2fits?hips=CDS%2FP%2FDSS2%2Fcolor&width=500&height=500&fov=1&projection=SIN&coordsys=icrs&rotation_angle=0.0&object=Deneb Algedi&format=jpg
Denebola,10.99989000109999,https://alasky.u-strasbg.fr/hips-image-services/hips2fits?hips=CDS%2FP%2FDSS2%2Fcolor&width=500&height=500&fov=1&projection=SIN&coordsys=icrs&rotation_angle=0.0&object=Denebola&format=jpg
Diadem,17.825311942959,https://alasky.u-strasbg.fr/hips-image-services/hips2fits?hips=CDS%2FP%2FDSS2%2Fcolor&width=500&height=500&fov=1&projection=SIN&coordsys=icrs&rotation_angle=0.0&object=Diadem&format=jpg
Dingolay,139.3009876440024,https://alasky.u-strasbg.fr/hips-image-services/hips2fits?hips=CDS%2FP%2FDSS2%2Fcolor&width=500&height=500&fov=1&projection=SIN&coordsys=icrs&rotation_angle=0.0&object=Dingolay&format=jpg
Diphda,29.533372711163615,https://alasky.u-strasbg.fr/hips-image-services/hips2fits?hips=CDS%2FP%2FDSS2%2Fcolor&width=500&height=500&fov=1&projection=SIN&coordsys=icrs&rotation_angle=0.0&object=Diphda&format=jpg
Diwo,403.0470355890532,https://alasky.u-strasbg.fr/hips-image-services/hips2fits?hips=CDS%2FP%2FDSS2%2Fcolor&width=500&height=500&fov=1&projection=SIN&coordsys=icrs&rotation_angle=0.0&object=Diwo&format=jpg
Diya,418.6027041734689,https://alasky.u-strasbg.fr/hips-image-services/hips2fits?hips=CDS%2FP%2FDSS2%2Fcolor&width=500&height=500&fov=1&projection=SIN&coordsys=icrs&rotation_angle=0.0&object=Diya&format=jpg
Dofida,37.674858436719425,https://alasky.u-strasbg.fr/hips-image-services/hips2fits?hips=CDS%2FP%2FDSS2%2Fcolor&width=500&height=500&fov=1&projection=SIN&coordsys=icrs&rotation_angle=0.0&object=Dofida&format=jpg
Dombay,134.84539974918758,https://alasky.u-strasbg.fr/hips-image-services/hips2fits?hips=CDS%2FP%2FDSS2%2Fcolor&width=500&height=500&fov=1&projection=SIN&coordsys=icrs&rotation_angle=0.0&object=Dombay&format=jpg
Dschubba,150.6024096385542,https://alasky.u-strasbg.fr/hips-image-services/hips2fits?hips=CDS%2FP%2FDSS2%2Fcolor&width=500&height=500&fov=1&projection=SIN&coordsys=icrs&rotation_angle=0.0&object=Dschubba&format=jpg
Dubhe,37.67897513187641,https://alasky.u-strasbg.fr/hips-image-services/hips2fits?hips=CDS%2FP%2FDSS2%2Fcolor&width=500&height=500&fov=1&projection=SIN&coordsys=icrs&rotation_angle=0.0&object=Dubhe&format=jpg
Dziban,22.753128555176335,https://alasky.u-strasbg.fr/hips-image-services/hips2fits?hips=CDS%2FP%2FDSS2%2Fcolor&width=500&height=500&fov=1&projection=SIN&coordsys=icrs&rotation_angle=0.0&object=Dziban&format=jpg
Ebla,28.821932337631644,https://alasky.u-strasbg.fr/hips-image-services/hips2fits?hips=CDS%2FP%2FDSS2%2Fcolor&width=500&height=500&fov=1&projection=SIN&coordsys=icrs&rotation_angle=0.0&object=Ebla&format=jpg
Edasich,31.026993484331374,https://alasky.u-strasbg.fr/hips-image-services/hips2fits?hips=CDS%2FP%2FDSS2%2Fcolor&width=500&height=500&fov=1&projection=SIN&coordsys=icrs&rotation_angle=0.0&object=Edasich&format=jpg
Electra,124.06947890818857,https://alasky.u-strasbg.fr/hips-image-services/hips2fits?hips=CDS%2FP%2FDSS2%2Fcolor&width=500&height=500&fov=1&projection=SIN&coordsys=icrs&rotation_angle=0.0&object=Electra&format=jpg
Elgafar,37.20348819905354,https://alasky.u-strasbg.fr/hips-image-services/hips2fits?hips=CDS%2FP%2FDSS2%2Fcolor&width=500&height=500&fov=1&projection=SIN&coordsys=icrs&rotation_angle=0.0&object=Elgafar&format=jpg
Elkurud,239.63001126261054,https://alasky.u-strasbg.fr/hips-image-services/hips2fits?hips=CDS%2FP%2FDSS2%2Fcolor&width=500&height=500&fov=1&projection=SIN&coordsys=icrs&rotation_angle=0.0&object=Elkurud&format=jpg
Elnath,41.050903119868636,https://alasky.u-strasbg.fr/hips-image-services/hips2fits?hips=CDS%2FP%2FDSS2%2Fcolor&width=500&height=500&fov=1&projection=SIN&coordsys=icrs&rotation_angle=0.0&object=Elnath&format=jpg
Eltanin,47.303689687795654,https://alasky.u-strasbg.fr/hips-image-services/hips2fits?hips=CDS%2FP%2FDSS2%2Fcolor&width=500&height=500&fov=1&projection=SIN&coordsys=icrs&rotation_angle=0.0&object=Eltanin&format=jpg
Emiw,36.11033875108782,https://alasky.u-strasbg.fr/hips-image-services/hips2fits?hips=CDS%2FP%2FDSS2%2Fcolor&width=500&height=500&fov=1&projection=SIN&coordsys=icrs&rotation_angle=0.0&object=Emiw&format=jpg
Enif,211.41649048625789,https://alasky.u-strasbg.fr/hips-image-services/hips2fits?hips=CDS%2FP%2FDSS2%2Fcolor&width=500&height=500&fov=1&projection=SIN&coordsys=icrs&rotation_angle=0.0&object=Enif&format=jpg
Epsilon Eridani,3.219810333852474,https://alasky.u-strasbg.fr/hips-image-services/hips2fits?hips=CDS%2FP%2FDSS2%2Fcolor&width=500&height=500&fov=1&projection=SIN&coordsys=icrs&rotation_angle=0.0&object=Epsilon Eridani&format=jpg
Epsilon Tauri,44.71192109240165,https://alasky.u-strasbg.fr/hips-image-services/hips2fits?hips=CDS%2FP%2FDSS2%2Fcolor&width=500&height=500&fov=1&projection=SIN&coordsys=icrs&rotation_angle=0.0&object=Epsilon Tauri&format=jpg
Errai,13.789927009916337,https://alasky.u-strasbg.fr/hips-image-services/hips2fits?hips=CDS%2FP%2FDSS2%2Fcolor&width=500&height=500&fov=1&projection=SIN&coordsys=icrs&rotation_angle=0.0&object=Errai&format=jpg
Fafnir,90.44862518089725,https://alasky.u-strasbg.fr/hips-image-services/hips2fits?hips=CDS%2FP%2FDSS2%2Fcolor&width=500&height=500&fov=1&projection=SIN&coordsys=icrs&rotation_angle=0.0&object=Fafnir&format=jpg
Fang,179.53321364452424,https://alasky.u-strasbg.fr/hips-image-services/hips2fits?hips=CDS%2FP%2FDSS2%2Fcolor&width=500&height=500&fov=1&projection=SIN&coordsys=icrs&rotation_angle=0.0&object=Fang&format=jpg
Fawaris,50.58168942842691,https://alasky.u-strasbg.fr/hips-image-services/hips2fits?hips=CDS%2FP%2FDSS2%2Fcolor&width=500&height=500&fov=1&projection=SIN&coordsys=icrs&rotation_angle=0.0&object=Fawaris&format=jpg
Felis,176.0904400500097,https://alasky.u-strasbg.fr/hips-image-services/hips2fits?hips=CDS%2FP%2FDSS2%2Fcolor&width=500&height=500&fov=1&projection=SIN&coordsys=icrs&rotation_angle=0.0&object=Felis&format=jpg
Felixvarela,34.51572709104904,https://alasky.u-strasbg.fr/hips-image-services/hips2fits?hips=CDS%2FP%2FDSS2%2Fcolor&width=500&height=500&fov=1&projection=SIN&coordsys=icrs&rotation_angle=0.0&object=Felixvarela&format=jpg
Flegetonte,29.357022493350634,https://alasky.u-strasbg.fr/hips-image-services/hips2fits?hips=CDS%2FP%2FDSS2%2Fcolor&width=500&height=500&fov=1&projection=SIN&coordsys=icrs&rotation_angle=0.0&object=Flegetonte&format=jpg
Fomalhaut,7.7035667514059005,https://alasky.u-strasbg.fr/hips-image-services/hips2fits?hips=CDS%2FP%2FDSS2%2Fcolor&width=500&height=500&fov=1&projection=SIN&coordsys=icrs&rotation_angle=0.0&object=Fomalhaut&format=jpg
Formosa,138.22655332089295,https://alasky.u-strasbg.fr/hips-image-services/hips2fits?hips=CDS%2FP%2FDSS2%2Fcolor&width=500&height=500&fov=1&projection=SIN&coordsys=icrs&rotation_angle=0.0&object=Formosa&format=jpg
Franz,224.85553032176824,https://alasky.u-strasbg.fr/hips-image-services/hips2fits?hips=CDS%2FP%2FDSS2%2Fcolor&width=500&height=500&fov=1&projection=SIN&coordsys=icrs&rotation_angle=0.0&object=Franz&format=jpg
Fulu,181.81818181818184,https://alasky.u-strasbg.fr/hips-image-services/hips2fits?hips=CDS%2FP%2FDSS2%2Fcolor&width=500&height=500&fov=1&projection=SIN&coordsys=icrs&rotation_angle=0.0&object=Fulu&format=jpg
Fumalsamakah,125.15644555694617,https://alasky.u-strasbg.fr/hips-image-services/hips2fits?hips=CDS%2FP%2FDSS2%2Fcolor&width=500&height=500&fov=1&projection=SIN&coordsys=icrs&rotation_angle=0.0&object=Fumalsamakah&format=jpg
Funi,67.94678407870956,https://alasky.u-strasbg.fr/hips-image-services/hips2fits?hips=CDS%2FP%2FDSS2%2Fcolor&width=500&height=500&fov=1&projection=SIN&coordsys=icrs&rotation_angle=0.0&object=Funi&format=jpg
Furud,111.11111111111111,https://alasky.u-strasbg.fr/hips-image-services/hips2fits?hips=CDS%2FP%2FDSS2%2Fcolor&width=500&height=500&fov=1&projection=SIN&coordsys=icrs&rotation_angle=0.0&object=Furud&format=jpg
Fuyue,40.430177084175625,https://alasky.u-strasbg.fr/hips-image-services/hips2fits?hips=CDS%2FP%2FDSS2%2Fcolor&width=500&height=500&fov=1&projection=SIN&coordsys=icrs&rotation_angle=0.0&object=Fuyue&format=jpg
Gacrux,27.151778441487917,https://alasky.u-strasbg.fr/hips-image-services/hips2fits?hips=CDS%2FP%2FDSS2%2Fcolor&width=500&height=500&fov=1&projection=SIN&coordsys=icrs&rotation_angle=0.0&object=Gacrux&format=jpg
Gakyid,83.62882183715797,https://alasky.u-strasbg.fr/hips-image-services/hips2fits?hips=CDS%2FP%2FDSS2%2Fcolor&width=500&height=500&fov=1&projection=SIN&coordsys=icrs&rotation_angle=0.0&object=Gakyid&format=jpg
Giausar,115.66309653242038,https://alasky.u-strasbg.fr/hips-image-services/hips2fits?hips=CDS%2FP%2FDSS2%2Fcolor&width=500&height=500&fov=1&projection=SIN&coordsys=icrs&rotation_angle=0.0&object=Giausar&format=jpg
Gienah,47.103155911446066,https://alasky.u-strasbg.fr/hips-image-services/hips2fits?hips=CDS%2FP%2FDSS2%2Fcolor&width=500&height=500&fov=1&projection=SIN&coordsys=icrs&rotation_angle=0.0&object=Gienah&format=jpg
Ginan,70.42303114810667,https://alasky.u-strasbg.fr/hips-image-services/hips2fits?hips=CDS%2FP%2FDSS2%2Fcolor&width=500&height=500&fov=1&projection=SIN&coordsys=icrs&rotation_angle=0.0&object=Ginan&format=jpg
Gloas,230.8935580697298,https://alasky.u-strasbg.fr/hips-image-services/hips2fits?hips=CDS%2FP%2FDSS2%2Fcolor&width=500&height=500&fov=1&projection=SIN&coordsys=icrs&rotation_angle=0.0&object=Gloas&format=jpg
Gomeisa,49.578582052553294,https://alasky.u-strasbg.fr/hips-image-services/hips2fits?hips=CDS%2FP%2FDSS2%2Fcolor&width=500&height=500&fov=1&projection=SIN&coordsys=icrs&rotation_angle=0.0&object=Gomeisa&format=jpg
Grumium,34.41120704190941,https://alasky.u-strasbg.fr/hips-image-services/hips2fits?hips=CDS%2FP%2FDSS2%2Fcolor&width=500&height=500&fov=1&projection=SIN&coordsys=icrs&rotation_angle=0.0&object=Grumium&format=jpg
Gudja,117.09601873536302,https://alasky.u-strasbg.fr/hips-image-services/hips2fits?hips=CDS%2FP%2FDSS2%2Fcolor&width=500&height=500&fov=1&projection=SIN&coordsys=icrs&rotation_angle=0.0&object=Gudja&format=jpg
Gumala,27.53948473624058,https://alasky.u-strasbg.fr/hips-image-services/hips2fits?hips=CDS%2FP%2FDSS2%2Fcolor&width=500&height=500&fov=1&projection=SIN&coordsys=icrs&rotation_angle=0.0&object=Gumala&format=jpg
Guniibuu,5.933309600094933,https://alasky.u-strasbg.fr/hips-image-services/hips2fits?hips=CDS%2FP%2FDSS2%2Fcolor&width=500&height=500&fov=1&projection=SIN&coordsys=icrs&rotation_angle=0.0&object=Guniibuu&format=jpg
Hadar,120.19230769230768,https://alasky.u-strasbg.fr/hips-image-services/hips2fits?hips=CDS%2FP%2FDSS2%2Fcolor&width=500&height=500&fov=1&projection=SIN&coordsys=icrs&rotation_angle=0.0&object=Hadar&format=jpg
Haedus,71.32260641332877,https://alasky.u-strasbg.fr/hips-image-services/hips2fits?hips=CDS%2FP%2FDSS2%2Fcolor&width=500&height=500&fov=1&projection=SIN&coordsys=icrs&rotation_angle=0.0&object=Haedus&format=jpg
Hamal,20.177562550443906,https://alasky.u-strasbg.fr/hips-image-services/hips2fits?hips=CDS%2FP%2FDSS2%2Fcolor&width=500&height=500&fov=1&projection=SIN&coordsys=icrs&rotation_angle=0.0&object=Hamal&format=jpg
Hassaleh,137.94815908181704,https://alasky.u-strasbg.fr/hips-image-services/hips2fits?hips=CDS%2FP%2FDSS2%2Fcolor&width=500&height=500&fov=1&projection=SIN&coordsys=icrs&rotation_angle=0.0&object=Hassaleh&format=jpg
Hatysa,714.2857142857143,https://alasky.u-strasbg.fr/hips-image-services/hips2fits?hips=CDS%2FP%2FDSS2%2Fcolor&width=500&height=500&fov=1&projection=SIN&coordsys=icrs&rotation_angle=0.0&object=Hatysa&format=jpg
Helvetios,15.526793034059574,https://alasky.u-strasbg.fr/hips-image-services/hips2fits?hips=CDS%2FP%2FDSS2%2Fcolor&width=500&height=500&fov=1&projection=SIN&coordsys=icrs&rotation_angle=0.0&object=Helvetios&format=jpg
Heze,22.858867068830335,https://alasky.u-strasbg.fr/hips-image-services/hips2fits?hips=CDS%2FP%2FDSS2%2Fcolor&width=500&height=500&fov=1&projection=SIN&coordsys=icrs&rotation_angle=0.0&object=Heze&format=jpg
Hoggar,186.29606170125564,https://alasky.u-strasbg.fr/hips-image-services/hips2fits?hips=CDS%2FP%2FDSS2%2Fcolor&width=500&height=500&fov=1&projection=SIN&coordsys=icrs&rotation_angle=0.0&object=Hoggar&format=jpg
Homam,62.65664160401002,https://alasky.u-strasbg.fr/hips-image-services/hips2fits?hips=CDS%2FP%2FDSS2%2Fcolor&width=500&height=500&fov=1&projection=SIN&coordsys=icrs&rotation_angle=0.0&object=Homam&format=jpg
Horna,251.59131506780383,https://alasky.u-strasbg.fr/hips-image-services/hips2fits?hips=CDS%2FP%2FDSS2%2Fcolor&width=500&height=500&fov=1&projection=SIN&coordsys=icrs&rotation_angle=0.0&object=Horna&format=jpg
Hunahpu,113.16697787585584,https://alasky.u-strasbg.fr/hips-image-services/hips2fits?hips=CDS%2FP%2FDSS2%2Fcolor&width=500&height=500&fov=1&projection=SIN&coordsys=icrs&rotation_angle=0.0&object=Hunahpu&format=jpg
Hunor,128.51653365205433,https://alasky.u-strasbg.fr/hips-image-services/hips2fits?hips=CDS%2FP%2FDSS2%2Fcolor&width=500&height=500&fov=1&projection=SIN&coordsys=icrs&rotation_angle=0.0&object=Hunor&format=jpg
Iklil,144.7178002894356,https://alasky.u-strasbg.fr/hips-image-services/hips2fits?hips=CDS%2FP%2FDSS2%2Fcolor&width=500&height=500&fov=1&projection=SIN&coordsys=icrs&rotation_angle=0.0&object=Iklil&format=jpg
Illyrian,126.65602756035159,https://alasky.u-strasbg.fr/hips-image-services/hips2fits?hips=CDS%2FP%2FDSS2%2Fcolor&width=500&height=500&fov=1&projection=SIN&coordsys=icrs&rotation_angle=0.0&object=Illyrian&format=jpg
Imai,139.50698232446533,https://alasky.u-strasbg.fr/hips-image-services/hips2fits?hips=CDS%2FP%2FDSS2%2Fcolor&width=500&height=500&fov=1&projection=SIN&coordsys=icrs&rotation_angle=0.0&object=Imai&format=jpg
Inquill,55.66193169167743,https://alasky.u-strasbg.fr/hips-image-services/hips2fits?hips=CDS%2FP%2FDSS2%2Fcolor&width=500&height=500&fov=1&projection=SIN&coordsys=icrs&rotation_angle=0.0&object=Inquill&format=jpg
Intan,47.71880263980417,https://alasky.u-strasbg.fr/hips-image-services/hips2fits?hips=CDS%2FP%2FDSS2%2Fcolor&width=500&height=500&fov=1&projection=SIN&coordsys=icrs&rotation_angle=0.0&object=Intan&format=jpg
Intercrus,84.62886013388285,https://alasky.u-strasbg.fr/hips-image-services/hips2fits?hips=CDS%2FP%2FDSS2%2Fcolor&width=500&height=500&fov=1&projection=SIN&coordsys=icrs&rotation_angle=0.0&object=Intercrus&format=jpg
Irena,136.2899159091219,https://alasky.u-strasbg.fr/hips-image-services/hips2fits?hips=CDS%2FP%2FDSS2%2Fcolor&width=500&height=500&fov=1&projection=SIN&coordsys=icrs&rotation_angle=0.0&object=Irena&format=jpg
Itonda,44.90587728121857,https://alasky.u-strasbg.fr/hips-image-services/hips2fits?hips=CDS%2FP%2FDSS2%2Fcolor&width=500&height=500&fov=1&projection=SIN&coordsys=icrs&rotation_angle=0.0&object=Itonda&format=jpg
Izar,62.11180124223603,https://alasky.u-strasbg.fr/hips-image-services/hips2fits?hips=CDS%2FP%2FDSS2%2Fcolor&width=500&height=500&fov=1&projection=SIN&coordsys=icrs&rotation_angle=0.0&object=Izar&format=jpg
Jabbah,145.34883720930233,https://alasky.u-strasbg.fr/hips-image-services/hips2fits?hips=CDS%2FP%2FDSS2%2Fcolor&width=500&height=500&fov=1&projection=SIN&coordsys=icrs&rotation_angle=0.0&object=Jabbah&format=jpg
Jishui,51.722889447496094,https://alasky.u-strasbg.fr/hips-image-services/hips2fits?hips=CDS%2FP%2FDSS2%2Fcolor&width=500&height=500&fov=1&projection=SIN&coordsys=icrs&rotation_angle=0.0&object=Jishui&format=jpg
Kaffaljidhma,24.408103490358798,https://alasky.u-strasbg.fr/hips-image-services/hips2fits?hips=CDS%2FP%2FDSS2%2Fcolor&width=500&height=500&fov=1&projection=SIN&coordsys=icrs&rotation_angle=0.0&object=Kaffaljidhma&format=jpg
Kalausi,40.85067444463508,https://alasky.u-strasbg.fr/hips-image-services/hips2fits?hips=CDS%2FP%2FDSS2%2Fcolor&width=500&height=500&fov=1&projection=SIN&coordsys=icrs&rotation_angle=0.0&object=Kalausi&format=jpg
Kamuy,135.37845045825605,https://alasky.u-strasbg.fr/hips-image-services/hips2fits?hips=CDS%2FP%2FDSS2%2Fcolor&width=500&height=500&fov=1&projection=SIN&coordsys=icrs&rotation_angle=0.0&object=Kamuy&format=jpg
Kang,86.2976578815651,https://alasky.u-strasbg.fr/hips-image-services/hips2fits?hips=CDS%2FP%2FDSS2%2Fcolor&width=500&height=500&fov=1&projection=SIN&coordsys=icrs&rotation_angle=0.0&object=Kang&format=jpg
Karaka,40.62398440038999,https://alasky.u-strasbg.fr/hips-image-services/hips2fits?hips=CDS%2FP%2FDSS2%2Fcolor&width=500&height=500&fov=1&projection=SIN&coordsys=icrs&rotation_angle=0.0&object=Karaka&format=jpg
Kaus Australis,43.93673110720562,https://alasky.u-strasbg.fr/hips-image-services/hips2fits?hips=CDS%2FP%2FDSS2%2Fcolor&width=500&height=500&fov=1&projection=SIN&coordsys=icrs&rotation_angle=0.0&object=Kaus Australis&format=jpg
Kaus Borealis,23.969319271332694,https://alasky.u-strasbg.fr/hips-image-services/hips2fits?hips=CDS%2FP%2FDSS2%2Fcolor&width=500&height=500&fov=1&projection=SIN&coordsys=icrs&rotation_angle=0.0&object=Kaus Borealis&format=jpg
Kaus Media,127.44048529336801,https://alasky.u-strasbg.fr/hips-image-services/hips2fits?hips=CDS%2FP%2FDSS2%2Fcolor&width=500&height=500&fov=1&projection=SIN&coordsys=icrs&rotation_angle=0.0&object=Kaus Media&format=jpg
Kaveh,130.7702366941284,https://alasky.u-strasbg.fr/hips-image-services/hips2fits?hips=CDS%2FP%2FDSS2%2Fcolor&width=500&height=500&fov=1&projection=SIN&coordsys=icrs&rotation_angle=0.0&object=Kaveh&format=jpg
Keid,5.009819245721614,https://alasky.u-strasbg.fr/hips-image-services/hips2fits?hips=CDS%2FP%2FDSS2%2Fcolor&width=500&height=500&fov=1&projection=SIN&coordsys=icrs&rotation_angle=0.0&object=Keid&format=jpg
Khambalia,54.275262420893796,https://alasky.u-strasbg.fr/hips-image-services/hips2fits?hips=CDS%2FP%2FDSS2%2Fcolor&width=500&height=500&fov=1&projection=SIN&coordsys=icrs&rotation_angle=0.0&object=Khambalia&format=jpg
Kitalpha,58.14460563421229,https://alasky.u-strasbg.fr/hips-image-services/hips2fits?hips=CDS%2FP%2FDSS2%2Fcolor&width=500&height=500&fov=1&projection=SIN&coordsys=icrs&rotation_angle=0.0&object=Kitalpha&format=jpg
Kochab,40.14452027298274,https://alasky.u-strasbg.fr/hips-image-services/hips2fits?hips=CDS%2FP%2FDSS2%2Fcolor&width=500&height=500&fov=1&projection=SIN&coordsys=icrs&rotation_angle=0.0&object=Kochab&format=jpg
Koeia,23.423098454309734,https://alasky.u-strasbg.fr/hips-image-services/hips2fits?hips=CDS%2FP%2FDSS2%2Fcolor&width=500&height=500&fov=1&projection=SIN&coordsys=icrs&rotation_angle=0.0&object=Koeia&format=jpg
Koit,264.46630699248914,https://alasky.u-strasbg.fr/hips-image-services/hips2fits?hips=CDS%2FP%2FDSS2%2Fcolor&width=500&height=500&fov=1&projection=SIN&coordsys=icrs&rotation_angle=0.0&object=Koit&format=jpg
Kornephoros,42.662116040955624,https://alasky.u-strasbg.fr/hips-image-services/hips2fits?hips=CDS%2FP%2FDSS2%2Fcolor&width=500&height=500&fov=1&projection=SIN&coordsys=icrs&rotation_angle=0.0&object=Kornephoros&format=jpg
Kraz,45.444423741984735,https://alasky.u-strasbg.fr/hips-image-services/hips2fits?hips=CDS%2FP%2FDSS2%2Fcolor&width=500&height=500&fov=1&projection=SIN&coordsys=icrs&rotation_angle=0.0&object=Kraz&format=jpg
Kurhah,29.59455460195324,https://alasky.u-strasbg.fr/hips-image-services/hips2fits?hips=CDS%2FP%2FDSS2%2Fcolor&width=500&height=500&fov=1&projection=SIN&coordsys=icrs&rotation_angle=0.0&object=Kurhah&format=jpg
La Superba,310.3469679101235,https://alasky.u-strasbg.fr/hips-image-services/hips2fits?hips=CDS%2FP%2FDSS2%2Fcolor&width=500&height=500&fov=1&projection=SIN&coordsys=icrs&rotation_angle=0.0&object=La Superba&format=jpg
Larawag,19.535065442469232,https://alasky.u-strasbg.fr/hips-image-services/hips2fits?hips=CDS%2FP%2FDSS2%2Fcolor&width=500&height=500&fov=1&projection=SIN&coordsys=icrs&rotation_angle=0.0&object=Larawag&format=jpg
Lerna,413.92441740138247,https://alasky.u-strasbg.fr/hips-image-services/hips2fits?hips=CDS%2FP%2FDSS2%2Fcolor&width=500&height=500&fov=1&projection=SIN&coordsys=icrs&rotation_angle=0.0&object=Lerna&format=jpg
Lesath,176.67844522968198,https://alasky.u-strasbg.fr/hips-image-services/hips2fits?hips=CDS%2FP%2FDSS2%2Fcolor&width=500&height=500&fov=1&projection=SIN&coordsys=icrs&rotation_angle=0.0&object=Lesath&format=jpg
Libertas,57.08316446230513,https://alasky.u-strasbg.fr/hips-image-services/hips2fits?hips=CDS%2FP%2FDSS2%2Fcolor&width=500&height=500&fov=1&projection=SIN&coordsys=icrs&rotation_angle=0.0&object=Libertas&format=jpg
Liesma,92.04458639765102,https://alasky.u-strasbg.fr/hips-image-services/hips2fits?hips=CDS%2FP%2FDSS2%2Fcolor&width=500&height=500&fov=1&projection=SIN&coordsys=icrs&rotation_angle=0.0&object=Liesma&format=jpg
Lilii Borea,52.523767004569564,https://alasky.u-strasbg.fr/hips-image-services/hips2fits?hips=CDS%2FP%2FDSS2%2Fcolor&width=500&height=500&fov=1&projection=SIN&coordsys=icrs&rotation_angle=0.0&object=Lilii Borea&format=jpg
Lionrock,111.54738532928788,https://alasky.u-strasbg.fr/hips-image-services/hips2fits?hips=CDS%2FP%2FDSS2%2Fcolor&width=500&height=500&fov=1&projection=SIN&coordsys=icrs&rotation_angle=0.0&object=Lionrock&format=jpg
Lucilinburhuc,46.96820252688929,https://alasky.u-strasbg.fr/hips-image-services/hips2fits?hips=CDS%2FP%2FDSS2%2Fcolor&width=500&height=500&fov=1&projection=SIN&coordsys=icrs&rotation_angle=0.0&object=Lucilinburhuc&format=jpg
Lusitania,34.90681625400992,https://alasky.u-strasbg.fr/hips-image-services/hips2fits?hips=CDS%2FP%2FDSS2%2Fcolor&width=500&height=500&fov=1&projection=SIN&coordsys=icrs&rotation_angle=0.0&object=Lusitania&format=jpg
Maasym,120.56472517270898,https://alasky.u-strasbg.fr/hips-image-services/hips2fits?hips=CDS%2FP%2FDSS2%2Fcolor&width=500&height=500&fov=1&projection=SIN&coordsys=icrs&rotation_angle=0.0&object=Maasym&format=jpg
Macondo,28.485483797456816,https://alasky.u-strasbg.fr/hips-image-services/hips2fits?hips=CDS%2FP%2FDSS2%2Fcolor&width=500&height=500&fov=1&projection=SIN&coordsys=icrs&rotation_angle=0.0&object=Macondo&format=jpg
Mago,121.66634222308738,https://alasky.u-strasbg.fr/hips-image-services/hips2fits?hips=CDS%2FP%2FDSS2%2Fcolor&width=500&height=500&fov=1&projection=SIN&coordsys=icrs&rotation_angle=0.0&object=Mago&format=jpg
Mahasim,50.76142131979696,https://alasky.u-strasbg.fr/hips-image-services/hips2fits?hips=CDS%2FP%2FDSS2%2Fcolor&width=500&height=500&fov=1&projection=SIN&coordsys=icrs&rotation_angle=0.0&object=Mahasim&format=jpg
Mahsati,164.4736842105263,https://alasky.u-strasbg.fr/hips-image-services/hips2fits?hips=CDS%2FP%2FDSS2%2Fcolor&width=500&height=500&fov=1&projection=SIN&coordsys=icrs&rotation_angle=0.0&object=Mahsati&format=jpg
Maia,117.50881316098707,https://alasky.u-strasbg.fr/hips-image-services/hips2fits?hips=CDS%2FP%2FDSS2%2Fcolor&width=500&height=500&fov=1&projection=SIN&coordsys=icrs&rotation_angle=0.0&object=Maia&format=jpg
Malmok,215.3547970281038,https://alasky.u-strasbg.fr/hips-image-services/hips2fits?hips=CDS%2FP%2FDSS2%2Fcolor&width=500&height=500&fov=1&projection=SIN&coordsys=icrs&rotation_angle=0.0&object=Malmok&format=jpg
Marfik,53.07855626326964,https://alasky.u-strasbg.fr/hips-image-services/hips2fits?hips=CDS%2FP%2FDSS2%2Fcolor&width=500&height=500&fov=1&projection=SIN&coordsys=icrs&rotation_angle=0.0&object=Marfik&format=jpg
Markab,40.883074407195416,https://alasky.u-strasbg.fr/hips-image-services/hips2fits?hips=CDS%2FP%2FDSS2%2Fcolor&width=500&height=500&fov=1&projection=SIN&coordsys=icrs&rotation_angle=0.0&object=Markab&format=jpg
Markeb,106.26992561105207,https://alasky.u-strasbg.fr/hips-image-services/hips2fits?hips=CDS%2FP%2FDSS2%2Fcolor&width=500&height=500&fov=1&projection=SIN&coordsys=icrs&rotation_angle=0.0&object=Markeb&format=jpg
Marohu,199.70842569848023,https://alasky.u-strasbg.fr/hips-image-services/hips2fits?hips=CDS%2FP%2FDSS2%2Fcolor&width=500&height=500&fov=1&projection=SIN&coordsys=icrs&rotation_angle=0.0&object=Marohu&format=jpg
Matar,60.129398465497744,https://alasky.u-strasbg.fr/hips-image-services/hips2fits?hips=CDS%2FP%2FDSS2%2Fcolor&width=500&height=500&fov=1&projection=SIN&coordsys=icrs&rotation_angle=0.0&object=Matar&format=jpg
Mebsuta,259.0673575129534,https://alasky.u-strasbg.fr/hips-image-services/hips2fits?hips=CDS%2FP%2FDSS2%2Fcolor&width=500&height=500&fov=1&projection=SIN&coordsys=icrs&rotation_angle=0.0&object=Mebsuta&format=jpg
Megrez,24.685262898049867,https://alasky.u-strasbg.fr/hips-image-services/hips2fits?hips=CDS%2FP%2FDSS2%2Fcolor&width=500&height=500&fov=1&projection=SIN&coordsys=icrs&rotation_angle=0.0&object=Megrez&format=jpg
Meissa,336.7003367003367,https://alasky.u-strasbg.fr/hips-image-services/hips2fits?hips=CDS%2FP%2FDSS2%2Fcolor&width=500&height=500&fov=1&projection=SIN&coordsys=icrs&rotation_angle=0.0&object=Meissa&format=jpg
Mekbuda,325.42549383318686,https://alasky.u-strasbg.fr/hips-image-services/hips2fits?hips=CDS%2FP%2FDSS2%2Fcolor&width=500&height=500&fov=1&projection=SIN&coordsys=icrs&rotation_angle=0.0&object=Mekbuda&format=jpg
Meleph,185.7493127275429,https://alasky.u-strasbg.fr/hips-image-services/hips2fits?hips=CDS%2FP%2FDSS2%2Fcolor&width=500&height=500&fov=1&projection=SIN&coordsys=icrs&rotation_angle=0.0&object=Meleph&format=jpg
Menkalinan,24.86943546381497,https://alasky.u-strasbg.fr/hips-image-services/hips2fits?hips=CDS%2FP%2FDSS2%2Fcolor&width=500&height=500&fov=1&projection=SIN&coordsys=icrs&rotation_angle=0.0&object=Menkalinan&format=jpg
Menkar,76.39419404125287,https://alasky.u-strasbg.fr/hips-image-services/hips2fits?hips=CDS%2FP%2FDSS2%2Fcolor&width=500&height=500&fov=1&projection=SIN&coordsys=icrs&rotation_angle=0.0&object=Menkar&format=jpg
Menkent,18.034265103697024,https://alasky.u-strasbg.fr/hips-image-services/hips2fits?hips=CDS%2FP%2FDSS2%2Fcolor&width=500&height=500&fov=1&projection=SIN&coordsys=icrs&rotation_angle=0.0&object=Menkent&format=jpg
Menkib,381.6793893129771,https://alasky.u-strasbg.fr/hips-image-services/hips2fits?hips=CDS%2FP%2FDSS2%2Fcolor&width=500&height=500&fov=1&projection=SIN&coordsys=icrs&rotation_angle=0.0&object=Menkib&format=jpg
Merak,25.90465532560857,https://alasky.u-strasbg.fr/hips-image-services/hips2fits?hips=CDS%2FP%2FDSS2%2Fcolor&width=500&height=500&fov=1&projection=SIN&coordsys=icrs&rotation_angle=0.0&object=Merak&format=jpg
Merga,48.01597971805017,https://alasky.u-strasbg.fr/hips-image-services/hips2fits?hips=CDS%2FP%2FDSS2%2Fcolor&width=500&height=500&fov=1&projection=SIN&coordsys=icrs&rotation_angle=0.0&object=Merga&format=jpg
Meridiana,36.91617075943947,https://alasky.u-strasbg.fr/hips-image-services/hips2fits?hips=CDS%2FP%2FDSS2%2Fcolor&width=500&height=500&fov=1&projection=SIN&coordsys=icrs&rotation_angle=0.0&object=Meridiana&format=jpg
Merope,116.55011655011654,https://alasky.u-strasbg.fr/hips-image-services/hips2fits?hips=CDS%2FP%2FDSS2%2Fcolor&width=500&height=500&fov=1&projection=SIN&coordsys=icrs&rotation_angle=0.0&object=Merope&format=jpg
Mesarthim,50.30181086519115,https://alasky.u-strasbg.fr/hips-image-services/hips2fits?hips=CDS%2FP%2FDSS2%2Fcolor&width=500&height=500&fov=1&projection=SIN&coordsys=icrs&rotation_angle=0.0&object=Mesarthim&format=jpg
Miaplacidus,34.698126301179734,https://alasky.u-strasbg.fr/hips-image-services/hips2fits?hips=CDS%2FP%2FDSS2%2Fcolor&width=500&height=500&fov=1&projection=SIN&coordsys=icrs&rotation_angle=0.0&object=Miaplacidus&format=jpg
Mimosa,85.39709649871904,https://alasky.u-strasbg.fr/hips-image-services/hips2fits?hips=CDS%2FP%2FDSS2%2Fcolor&width=500&height=500&fov=1&projection=SIN&coordsys=icrs&rotation_angle=0.0&object=Mimosa&format=jpg
Minchir,114.28571428571428,https://alasky.u-strasbg.fr/hips-image-services/hips2fits?hips=CDS%2FP%2FDSS2%2Fcolor&width=500&height=500&fov=1&projection=SIN&coordsys=icrs&rotation_angle=0.0&object=Minchir&format=jpg
Minelauva,60.82725060827251,https://alasky.u-strasbg.fr/hips-image-services/hips2fits?hips=CDS%2FP%2FDSS2%2Fcolor&width=500&height=500&fov=1&projection=SIN&coordsys=icrs&rotation_angle=0.0&object=Minelauva&format=jpg
Mintaka,212.31422505307856,https://alasky.u-strasbg.fr/hips-image-services/hips2fits?hips=CDS%2FP%2FDSS2%2Fcolor&width=500&height=500&fov=1&projection=SIN&coordsys=icrs&rotation_angle=0.0&object=Mintaka&format=jpg
Mira,91.65902841429882,https://alasky.u-strasbg.fr/hips-image-services/hips2fits?hips=CDS%2FP%2FDSS2%2Fcolor&width=500&height=500&fov=1&projection=SIN&coordsys=icrs&rotation_angle=0.0&object=Mira&format=jpg
Mirach,60.53268765133172,https://alasky.u-strasbg.fr/hips-image-services/hips2fits?hips=CDS%2FP%2FDSS2%2Fcolor&width=500&height=500&fov=1&projection=SIN&coordsys=icrs&rotation_angle=0.0&object=Mirach&format=jpg
Miram,269.54177897574124,https://alasky.u-strasbg.fr/hips-image-services/hips2fits?hips=CDS%2FP%2FDSS2%2Fcolor&width=500&height=500&fov=1&projection=SIN&coordsys=icrs&rotation_angle=0.0&object=Miram&format=jpg
Mirfak,155.27950310559004,https://alasky.u-strasbg.fr/hips-image-services/hips2fits?hips=CDS%2FP%2FDSS2%2Fcolor&width=500&height=500&fov=1&projection=SIN&coordsys=icrs&rotation_angle=0.0&object=Mirfak&format=jpg
Mirzam,151.05740181268882,https://alasky.u-strasbg.fr/hips-image-services/hips2fits?hips=CDS%2FP%2FDSS2%2Fcolor&width=500&height=500&fov=1&projection=SIN&coordsys=icrs&rotation_angle=0.0&object=Mirzam&format=jpg
Misam,34.805126098971854,https://alasky.u-strasbg.fr/hips-image-services/hips2fits?hips=CDS%2FP%2FDSS2%2Fcolor&width=500&height=500&fov=1&projection=SIN&coordsys=icrs&rotation_angle=0.0&object=Misam&format=jpg
Mizar,26.308866087871618,https://alasky.u-strasbg.fr/hips-image-services/hips2fits?hips=CDS%2FP%2FDSS2%2Fcolor&width=500&height=500&fov=1&projection=SIN&coordsys=icrs&rotation_angle=0.0&object=Mizar&format=jpg
Moldoveanu,162.6307144367285,https://alasky.u-strasbg.fr/hips-image-services/hips2fits?hips=CDS%2FP%2FDSS2%2Fcolor&width=500&height=500&fov=1&projection=SIN&coordsys=icrs&rotation_angle=0.0&object=Moldoveanu&format=jpg
Monch,31.91258504703915,https://alasky.u-strasbg.fr/hips-image-services/hips2fits?hips=CDS%2FP%2FDSS2%2Fcolor&width=500&height=500&fov=1&projection=SIN&coordsys=icrs&rotation_angle=0.0&object=Monch&format=jpg
Montuno,245.6519603026432,https://alasky.u-strasbg.fr/hips-image-services/hips2fits?hips=CDS%2FP%2FDSS2%2Fcolor&width=500&height=500&fov=1&projection=SIN&coordsys=icrs&rotation_angle=0.0&object=Montuno&format=jpg
Morava,430.23706062040185,https://alasky.u-strasbg.fr/hips-image-services/hips2fits?hips=CDS%2FP%2FDSS2%2Fcolor&width=500&height=500&fov=1&projection=SIN&coordsys=icrs&rotation_angle=0.0&object=Morava&format=jpg
Moriah,365.52379559909355,https://alasky.u-strasbg.fr/hips-image-services/hips2fits?hips=CDS%2FP%2FDSS2%2Fcolor&width=500&height=500&fov=1&projection=SIN&coordsys=icrs&rotation_angle=0.0&object=Moriah&format=jpg
Mothallah,19.48140499892852,https://alasky.u-strasbg.fr/hips-image-services/hips2fits?hips=CDS%2FP%2FDSS2%2Fcolor&width=500&height=500&fov=1&projection=SIN&coordsys=icrs&rotation_angle=0.0&object=Mothallah&format=jpg
Mouhoun,131.63957085499902,https://alasky.u-strasbg.fr/hips-image-services/hips2fits?hips=CDS%2FP%2FDSS2%2Fcolor&width=500&height=500&fov=1&projection=SIN&coordsys=icrs&rotation_angle=0.0&object=Mouhoun&format=jpg
Mpingo,355.13885929398396,https://alasky.u-strasbg.fr/hips-image-services/hips2fits?hips=CDS%2FP%2FDSS2%2Fcolor&width=500&height=500&fov=1&projection=SIN&coordsys=icrs&rotation_angle=0.0&object=Mpingo&format=jpg
Muliphein,135.50135501355012,https://alasky.u-strasbg.fr/hips-image-services/hips2fits?hips=CDS%2FP%2FDSS2%2Fcolor&width=500&height=500&fov=1&projection=SIN&coordsys=icrs&rotation_angle=0.0&object=Muliphein&format=jpg
Muphrid,11.396011396011398,https://alasky.u-strasbg.fr/hips-image-services/hips2fits?hips=CDS%2FP%2FDSS2%2Fcolor&width=500&height=500&fov=1&projection=SIN&coordsys=icrs&rotation_angle=0.0&object=Muphrid&format=jpg
Muscida,55.761563554242066,https://alasky.u-strasbg.fr/hips-image-services/hips2fits?hips=CDS%2FP%2FDSS2%2Fcolor&width=500&height=500&fov=1&projection=SIN&coordsys=icrs&rotation_angle=0.0&object=Muscida&format=jpg
Musica,75.17610001428346,https://alasky.u-strasbg.fr/hips-image-services/hips2fits?hips=CDS%2FP%2FDSS2%2Fcolor&width=500&height=500&fov=1&projection=SIN&coordsys=icrs&rotation_angle=0.0&object=Musica&format=jpg
Muspelheim,318.8978888959755,https://alasky.u-strasbg.fr/hips-image-services/hips2fits?hips=CDS%2FP%2FDSS2%2Fcolor&width=500&height=500&fov=1&projection=SIN&coordsys=icrs&rotation_angle=0.0&object=Muspelheim&format=jpg
Nahn,124.93753123438283,https://alasky.u-strasbg.fr/hips-image-services/hips2fits?hips=CDS%2FP%2FDSS2%2Fcolor&width=500&height=500&fov=1&projection=SIN&coordsys=icrs&rotation_angle=0.0&object=Nahn&format=jpg
Naledi,175.71604287471447,https://alasky.u-strasbg.fr/hips-image-services/hips2fits?hips=CDS%2FP%2FDSS2%2Fcolor&width=500&height=500&fov=1&projection=SIN&coordsys=icrs&rotation_angle=0.0&object=Naledi&format=jpg
Naos,332.2259136212625,https://alasky.u-strasbg.fr/hips-image-services/hips2fits?hips=CDS%2FP%2FDSS2%2Fcolor&width=500&height=500&fov=1&projection=SIN&coordsys=icrs&rotation_angle=0.0&object=Naos&format=jpg
Nashira,52.34588064092296,https://alasky.u-strasbg.fr/hips-image-services/hips2fits?hips=CDS%2FP%2FDSS2%2Fcolor&width=500&height=500&fov=1&projection=SIN&coordsys=icrs&rotation_angle=0.0&object=Nashira&format=jpg
Nasti,60.38720274399449,https://alasky.u-strasbg.fr/hips-image-services/hips2fits?hips=CDS%2FP%2FDSS2%2Fcolor&width=500&height=500&fov=1&projection=SIN&coordsys=icrs&rotation_angle=0.0&object=Nasti&format=jpg
Natasha,33.52633325845785,https://alasky.u-strasbg.fr/hips-image-services/hips2fits?hips=CDS%2FP%2FDSS2%2Fcolor&width=500&height=500&fov=1&projection=SIN&coordsys=icrs&rotation_angle=0.0&object=Natasha&format=jpg
Nekkar,72.05649228995533,https://alasky.u-strasbg.fr/hips-image-services/hips2fits?hips=CDS%2FP%2FDSS2%2Fcolor&width=500&height=500&fov=1&projection=SIN&coordsys=icrs&rotation_angle=0.0&object=Nekkar&format=jpg
Nembus,53.9115527066295,https://alasky.u-strasbg.fr/hips-image-services/hips2fits?hips=CDS%2FP%2FDSS2%2Fcolor&width=500&height=500&fov=1&projection=SIN&coordsys=icrs&rotation_angle=0.0&object=Nembus&format=jpg
Nenque,42.25239042898852,https://alasky.u-strasbg.fr/hips-image-services/hips2fits?hips=CDS%2FP%2FDSS2%2Fcolor&width=500&height=500&fov=1&projection=SIN&coordsys=icrs&rotation_angle=0.0&object=Nenque&format=jpg
Nervia,42.87870472008781,https://alasky.u-strasbg.fr/hips-image-services/hips2fits?hips=CDS%2FP%2FDSS2%2Fcolor&width=500&height=500&fov=1&projection=SIN&coordsys=icrs&rotation_angle=0.0&object=Nervia&format=jpg
Nihal,47.9163572068597,https://alasky.u-strasbg.fr/hips-image-services/hips2fits?hips=CDS%2FP%2FDSS2%2Fcolor&width=500&height=500&fov=1&projection=SIN&coordsys=icrs&rotation_angle=0.0&object=Nihal&format=jpg
Nikawiy,104.98136580756916,https://alasky.u-strasbg.fr/hips-image-services/hips2fits?hips=CDS%2FP%2FDSS2%2Fcolor&width=500&height=500&fov=1&projection=SIN&coordsys=icrs&rotation_angle=0.0&object=Nikawiy&format=jpg
Nosaxa,90.8554036251306,https://alasky.u-strasbg.fr/hips-image-services/hips2fits?hips=CDS%2FP%2FDSS2%2Fcolor&width=500&height=500&fov=1&projection=SIN&coordsys=icrs&rotation_angle=0.0&object=Nosaxa&format=jpg
Nunki,69.83240223463686,https://alasky.u-strasbg.fr/hips-image-services/hips2fits?hips=CDS%2FP%2FDSS2%2Fcolor&width=500&height=500&fov=1&projection=SIN&coordsys=icrs&rotation_angle=0.0&object=Nunki&format=jpg
Nusakan,34.28179636612958,https://alasky.u-strasbg.fr/hips-image-services/hips2fits?hips=CDS%2FP%2FDSS2%2Fcolor&width=500&height=500&fov=1&projection=SIN&coordsys=icrs&rotation_angle=0.0&object=Nusakan&format=jpg
Nushagak,77.43414226200618,https://alasky.u-strasbg.fr/hips-image-services/hips2fits?hips=CDS%2FP%2FDSS2%2Fcolor&width=500&height=500&fov=1&projection=SIN&coordsys=icrs&rotation_angle=0.0&object=Nushagak&format=jpg
Nyamien,286.60686136826115,https://alasky.u-strasbg.fr/hips-image-services/hips2fits?hips=CDS%2FP%2FDSS2%2Fcolor&width=500&height=500&fov=1&projection=SIN&coordsys=icrs&rotation_angle=0.0&object=Nyamien&format=jpg
Ogma,76.21776941076043,https://alasky.u-strasbg.fr/hips-image-services/hips2fits?hips=CDS%2FP%2FDSS2%2Fcolor&width=500&height=500&fov=1&projection=SIN&coordsys=icrs&rotation_angle=0.0&object=Ogma&format=jpg
Okab,25.45824847250509,https://alasky.u-strasbg.fr/hips-image-services/hips2fits?hips=CDS%2FP%2FDSS2%2Fcolor&width=500&height=500&fov=1&projection=SIN&coordsys=icrs&rotation_angle=0.0&object=Okab&format=jpg
Paikauhale,145.34883720930233,https://alasky.u-strasbg.fr/hips-image-services/hips2fits?hips=CDS%2FP%2FDSS2%2Fcolor&width=500&height=500&fov=1&projection=SIN&coordsys=icrs&rotation_angle=0.0&object=Paikauhale&format=jpg
Parumleo,280.0649750742172,https://alasky.u-strasbg.fr/hips-image-services/hips2fits?hips=CDS%2FP%2FDSS2%2Fcolor&width=500&height=500&fov=1&projection=SIN&coordsys=icrs&rotation_angle=0.0&object=Parumleo&format=jpg
Peacock,54.824561403508774,https://alasky.u-strasbg.fr/hips-image-services/hips2fits?hips=CDS%2FP%2FDSS2%2Fcolor&width=500&height=500&fov=1&projection=SIN&coordsys=icrs&rotation_angle=0.0&object=Peacock&format=jpg
Petra,49.71636811987611,https://alasky.u-strasbg.fr/hips-image-services/hips2fits?hips=CDS%2FP%2FDSS2%2Fcolor&width=500&height=500&fov=1&projection=SIN&coordsys=icrs&rotation_angle=0.0&object=Petra&format=jpg
Phact,80.12820512820512,https://alasky.u-strasbg.fr/hips-image-services/hips2fits?hips=CDS%2FP%2FDSS2%2Fcolor&width=500&height=500&fov=1&projection=SIN&coordsys=icrs&rotation_angle=0.0&object=Phact&format=jpg
Phecda,25.50369803621525,https://alasky.u-strasbg.fr/hips-image-services/hips2fits?hips=CDS%2FP%2FDSS2%2Fcolor&width=500&height=500&fov=1&projection=SIN&coordsys=icrs&rotation_angle=0.0&object=Phecda&format=jpg
Pherkad,149.2537313432836,https://alasky.u-strasbg.fr/hips-image-services/hips2fits?hips=CDS%2FP%2FDSS2%2Fcolor&width=500&height=500&fov=1&projection=SIN&coordsys=icrs&rotation_angle=0.0&object=Pherkad&format=jpg
Phoenicia,19.629705240346112,https://alasky.u-strasbg.fr/hips-image-services/hips2fits?hips=CDS%2FP%2FDSS2%2Fcolor&width=500&height=500&fov=1&projection=SIN&coordsys=icrs&rotation_angle=0.0&object=Phoenicia&format=jpg
Piautos,174.33143893169694,https://alasky.u-strasbg.fr/hips-image-services/hips2fits?hips=CDS%2FP%2FDSS2%2Fcolor&width=500&height=500&fov=1&projection=SIN&coordsys=icrs&rotation_angle=0.0&object=Piautos&format=jpg
Pincoya,40.02129132698595,https://alasky.u-strasbg.fr/hips-image-services/hips2fits?hips=CDS%2FP%2FDSS2%2Fcolor&width=500&height=500&fov=1&projection=SIN&coordsys=icrs&rotation_angle=0.0&object=Pincoya&format=jpg
Pipirima,145.34883720930233,https://alasky.u-strasbg.fr/hips-image-services/hips2fits?hips=CDS%2FP%2FDSS2%2Fcolor&width=500&height=500&fov=1&projection=SIN&coordsys=icrs&rotation_angle=0.0&object=Pipirima&format=jpg
Pleione,138.09484353854228,https://alasky.u-strasbg.fr/hips-image-services/hips2fits?hips=CDS%2FP%2FDSS2%2Fcolor&width=500&height=500&fov=1&projection=SIN&coordsys=icrs&rotation_angle=0.0&object=Pleione&format=jpg
Poerava,55.95188138201147,https://alasky.u-strasbg.fr/hips-image-services/hips2fits?hips=CDS%2FP%2FDSS2%2Fcolor&width=500&height=500&fov=1&projection=SIN&coordsys=icrs&rotation_angle=0.0&object=Poerava&format=jpg
Polaris,132.6259946949602,https://alasky.u-strasbg.fr/hips-image-services/hips2fits?hips=CDS%2FP%2FDSS2%2Fcolor&width=500&height=500&fov=1&projection=SIN&coordsys=icrs&rotation_angle=0.0&object=Polaris&format=jpg
Polaris Australis,90.08603216071347,https://alasky.u-strasbg.fr/hips-image-services/hips2fits?hips=CDS%2FP%2FDSS2%2Fcolor&width=500&height=500&fov=1&projection=SIN&coordsys=icrs&rotation_angle=0.0&object=Polaris Australis&format=jpg
Polis,11111.111111111111,https://alasky.u-strasbg.fr/hips-image-services/hips2fits?hips=CDS%2FP%2FDSS2%2Fcolor&width=500&height=500&fov=1&projection=SIN&coordsys=icrs&rotation_angle=0.0&object=Polis&format=jpg
Pollux,10.358400662937642,https://alasky.u-strasbg.fr/hips-image-services/hips2fits?hips=CDS%2FP%2FDSS2%2Fcolor&width=500&height=500&fov=1&projection=SIN&coordsys=icrs&rotation_angle=0.0&object=Pollux&format=jpg
Porrima,12.02016984499991,https://alasky.u-strasbg.fr/hips-image-services/hips2fits?hips=CDS%2FP%2FDSS2%2Fcolor&width=500&height=500&fov=1&projection=SIN&coordsys=icrs&rotation_angle=0.0&object=Porrima&format=jpg
Praecipua,30.37574800279457,https://alasky.u-strasbg.fr/hips-image-services/hips2fits?hips=CDS%2FP%2FDSS2%2Fcolor&width=500&height=500&fov=1&projection=SIN&coordsys=icrs&rotation_angle=0.0&object=Praecipua&format=jpg
Prima Hyadum,46.15846200004616,https://alasky.u-strasbg.fr/hips-image-services/hips2fits?hips=CDS%2FP%2FDSS2%2Fcolor&width=500&height=500&fov=1&projection=SIN&coordsys=icrs&rotation_angle=0.0&object=Prima Hyadum&format=jpg
Procyon,3.5141973573235874,https://alasky.u-strasbg.fr/hips-image-services/hips2fits?hips=CDS%2FP%2FDSS2%2Fcolor&width=500&height=500&fov=1&projection=SIN&coordsys=icrs&rotation_angle=0.0&object=Procyon&format=jpg
Propus,211.3628677713899,https://alasky.u-strasbg.fr/hips-image-services/hips2fits?hips=CDS%2FP%2FDSS2%2Fcolor&width=500&height=500&fov=1&projection=SIN&coordsys=icrs&rotation_angle=0.0&object=Propus&format=jpg
Proxima Centauri,1.3019705975979945,https://alasky.u-strasbg.fr/hips-image-services/hips2fits?hips=CDS%2FP%2FDSS2%2Fcolor&width=500&height=500&fov=1&projection=SIN&coordsys=icrs&rotation_angle=0.0&object=Proxima Centauri&format=jpg
Rana,9.088810401961728,https://alasky.u-strasbg.fr/hips-image-services/hips2fits?hips=CDS%2FP%2FDSS2%2Fcolor&width=500&height=500&fov=1&projection=SIN&coordsys=icrs&rotation_angle=0.0&object=Rana&format=jpg
Rapeto,48.40739665020814,https://alasky.u-strasbg.fr/hips-image-services/hips2fits?hips=CDS%2FP%2FDSS2%2Fcolor&width=500&height=500&fov=1&projection=SIN&coordsys=icrs&rotation_angle=0.0&object=Rapeto&format=jpg
Rasalas,38.31843384897172,https://alasky.u-strasbg.fr/hips-image-services/hips2fits?hips=CDS%2FP%2FDSS2%2Fcolor&width=500&height=500&fov=1&projection=SIN&coordsys=icrs&rotation_angle=0.0&object=Rasalas&format=jpg
Rasalgethi,110.25358324145535,https://alasky.u-strasbg.fr/hips-image-services/hips2fits?hips=CDS%2FP%2FDSS2%2Fcolor&width=500&height=500&fov=1&projection=SIN&coordsys=icrs&rotation_angle=0.0&object=Rasalgethi&format=jpg
Rasalhague,14.896469536719799,https://alasky.u-strasbg.fr/hips-image-services/hips2fits?hips=CDS%2FP%2FDSS2%2Fcolor&width=500&height=500&fov=1&projection=SIN&coordsys=icrs&rotation_angle=0.0&object=Rasalhague&format=jpg
Rastaban,116.55011655011654,https://alasky.u-strasbg.fr/hips-image-services/hips2fits?hips=CDS%2FP%2FDSS2%2Fcolor&width=500&height=500&fov=1&projection=SIN&coordsys=icrs&rotation_angle=0.0&object=Rastaban&format=jpg
Regulus,24.313153415998055,https://alasky.u-strasbg.fr/hips-image-services/hips2fits?hips=CDS%2FP%2FDSS2%2Fcolor&width=500&height=500&fov=1&projection=SIN&coordsys=icrs&rotation_angle=0.0&object=Regulus&format=jpg
Revati,40.88391013716552,https://alasky.u-strasbg.fr/hips-image-services/hips2fits?hips=CDS%2FP%2FDSS2%2Fcolor&width=500&height=500&fov=1&projection=SIN&coordsys=icrs&rotation_angle=0.0&object=Revati&format=jpg
Rigel,264.55026455026456,https://alasky.u-strasbg.fr/hips-image-services/hips2fits?hips=CDS%2FP%2FDSS2%2Fcolor&width=500&height=500&fov=1&projection=SIN&coordsys=icrs&rotation_angle=0.0&object=Rigel&format=jpg
Rigil Kentaurus,1.3458950201884252,https://alasky.u-strasbg.fr/hips-image-services/hips2fits?hips=CDS%2FP%2FDSS2%2Fcolor&width=500&height=500&fov=1&projection=SIN&coordsys=icrs&rotation_angle=0.0&object=Rigil Kentaurus&format=jpg
Rosaliadecastro,73.37887715642175,https://alasky.u-strasbg.fr/hips-image-services/hips2fits?hips=CDS%2FP%2FDSS2%2Fcolor&width=500&height=500&fov=1&projection=SIN&coordsys=icrs&rotation_angle=0.0&object=Rosaliadecastro&format=jpg
Rotanev,30.93102381688834,https://alasky.u-strasbg.fr/hips-image-services/hips2fits?hips=CDS%2FP%2FDSS2%2Fcolor&width=500&height=500&fov=1&projection=SIN&coordsys=icrs&rotation_angle=0.0&object=Rotanev&format=jpg
Ruchbah,30.47851264858275,https://alasky.u-strasbg.fr/hips-image-services/hips2fits?hips=CDS%2FP%2FDSS2%2Fcolor&width=500&height=500&fov=1&projection=SIN&coordsys=icrs&rotation_angle=0.0&object=Ruchbah&format=jpg
Rukbat,55.74136008918617,https://alasky.u-strasbg.fr/hips-image-services/hips2fits?hips=CDS%2FP%2FDSS2%2Fcolor&width=500&height=500&fov=1&projection=SIN&coordsys=icrs&rotation_angle=0.0&object=Rukbat&format=jpg
Sabik,27.0929287455974,https://alasky.u-strasbg.fr/hips-image-services/hips2fits?hips=CDS%2FP%2FDSS2%2Fcolor&width=500&height=500&fov=1&projection=SIN&coordsys=icrs&rotation_angle=0.0&object=Sabik&format=jpg
Saclateni,240.96385542168673,https://alasky.u-strasbg.fr/hips-image-services/hips2fits?hips=CDS%2FP%2FDSS2%2Fcolor&width=500&height=500&fov=1&projection=SIN&coordsys=icrs&rotation_angle=0.0&object=Saclateni&format=jpg
Sadachbia,38.677088852876224,https://alasky.u-strasbg.fr/hips-image-services/hips2fits?hips=CDS%2FP%2FDSS2%2Fcolor&width=500&height=500&fov=1&projection=SIN&coordsys=icrs&rotation_angle=0.0&object=Sadachbia&format=jpg
Sadalbari,34.56141563558443,https://alasky.u-strasbg.fr/hips-image-services/hips2fits?hips=CDS%2FP%2FDSS2%2Fcolor&width=500&height=500&fov=1&projection=SIN&coordsys=icrs&rotation_angle=0.0&object=Sadalbari&format=jpg
Sadalmelik,160.51364365971108,https://alasky.u-strasbg.fr/hips-image-services/hips2fits?hips=CDS%2FP%2FDSS2%2Fcolor&width=500&height=500&fov=1&projection=SIN&coordsys=icrs&rotation_angle=0.0&object=Sadalmelik&format=jpg
Sadalsuud,164.74464579901152,https://alasky.u-strasbg.fr/hips-image-services/hips2fits?hips=CDS%2FP%2FDSS2%2Fcolor&width=500&height=500&fov=1&projection=SIN&coordsys=icrs&rotation_angle=0.0&object=Sadalsuud&format=jpg
Sadr,561.7977528089888,https://alasky.u-strasbg.fr/hips-image-services/hips2fits?hips=CDS%2FP%2FDSS2%2Fcolor&width=500&height=500&fov=1&projection=SIN&coordsys=icrs&rotation_angle=0.0&object=Sadr&format=jpg
Sagarmatha,49.60563520015874,https://alasky.u-strasbg.fr/hips-image-services/hips2fits?hips=CDS%2FP%2FDSS2%2Fcolor&width=500&height=500&fov=1&projection=SIN&coordsys=icrs&rotation_angle=0.0&object=Sagarmatha&format=jpg
Saiph,198.4126984126984,https://alasky.u-strasbg.fr/hips-image-services/hips2fits?hips=CDS%2FP%2FDSS2%2Fcolor&width=500&height=500&fov=1&projection=SIN&coordsys=icrs&rotation_angle=0.0&object=Saiph&format=jpg
Salm,48.27536266866205,https://alasky.u-strasbg.fr/hips-image-services/hips2fits?hips=CDS%2FP%2FDSS2%2Fcolor&width=500&height=500&fov=1&projection=SIN&coordsys=icrs&rotation_angle=0.0&object=Salm&format=jpg
Samaya,92.92903009971285,https://alasky.u-strasbg.fr/hips-image-services/hips2fits?hips=CDS%2FP%2FDSS2%2Fcolor&width=500&height=500&fov=1&projection=SIN&coordsys=icrs&rotation_angle=0.0&object=Samaya&format=jpg
Sansuna,253.31205512070318,https://alasky.u-strasbg.fr/hips-image-services/hips2fits?hips=CDS%2FP%2FDSS2%2Fcolor&width=500&height=500&fov=1&projection=SIN&coordsys=icrs&rotation_angle=0.0&object=Sansuna&format=jpg
Sargas,92.08103130755065,https://alasky.u-strasbg.fr/hips-image-services/hips2fits?hips=CDS%2FP%2FDSS2%2Fcolor&width=500&height=500&fov=1&projection=SIN&coordsys=icrs&rotation_angle=0.0&object=Sargas&format=jpg
Sarin,23.036166781847502,https://alasky.u-strasbg.fr/hips-image-services/hips2fits?hips=CDS%2FP%2FDSS2%2Fcolor&width=500&height=500&fov=1&projection=SIN&coordsys=icrs&rotation_angle=0.0&object=Sarin&format=jpg
Sceptrum,34.62975596410972,https://alasky.u-strasbg.fr/hips-image-services/hips2fits?hips=CDS%2FP%2FDSS2%2Fcolor&width=500&height=500&fov=1&projection=SIN&coordsys=icrs&rotation_angle=0.0&object=Sceptrum&format=jpg
Scheat,60.09615384615384,https://alasky.u-strasbg.fr/hips-image-services/hips2fits?hips=CDS%2FP%2FDSS2%2Fcolor&width=500&height=500&fov=1&projection=SIN&coordsys=icrs&rotation_angle=0.0&object=Scheat&format=jpg
Schedar,69.97900629811058,https://alasky.u-strasbg.fr/hips-image-services/hips2fits?hips=CDS%2FP%2FDSS2%2Fcolor&width=500&height=500&fov=1&projection=SIN&coordsys=icrs&rotation_angle=0.0&object=Schedar&format=jpg
Secunda Hyadum,49.23876863687393,https://alasky.u-strasbg.fr/hips-image-services/hips2fits?hips=CDS%2FP%2FDSS2%2Fcolor&width=500&height=500&fov=1&projection=SIN&coordsys=icrs&rotation_angle=0.0&object=Secunda Hyadum&format=jpg
Segin,142.7816725445122,https://alasky.u-strasbg.fr/hips-image-services/hips2fits?hips=CDS%2FP%2FDSS2%2Fcolor&width=500&height=500&fov=1&projection=SIN&coordsys=icrs&rotation_angle=0.0&object=Segin&format=jpg
Seginus,26.60989888238425,https://alasky.u-strasbg.fr/hips-image-services/hips2fits?hips=CDS%2FP%2FDSS2%2Fcolor&width=500&height=500&fov=1&projection=SIN&coordsys=icrs&rotation_angle=0.0&object=Seginus&format=jpg
Sham,130.97062328919623,https://alasky.u-strasbg.fr/hips-image-services/hips2fits?hips=CDS%2FP%2FDSS2%2Fcolor&width=500&height=500&fov=1&projection=SIN&coordsys=icrs&rotation_angle=0.0&object=Sham&format=jpg
Shama,55.011552426009466,https://alasky.u-strasbg.fr/hips-image-services/hips2fits?hips=CDS%2FP%2FDSS2%2Fcolor&width=500&height=500&fov=1&projection=SIN&coordsys=icrs&rotation_angle=0.0&object=Shama&format=jpg
Sharjah,14.575134819997084,https://alasky.u-strasbg.fr/hips-image-services/hips2fits?hips=CDS%2FP%2FDSS2%2Fcolor&width=500&height=500&fov=1&projection=SIN&coordsys=icrs&rotation_angle=0.0&object=Sharjah&format=jpg
Shaula,175.13134851138355,https://alasky.u-strasbg.fr/hips-image-services/hips2fits?hips=CDS%2FP%2FDSS2%2Fcolor&width=500&height=500&fov=1&projection=SIN&coordsys=icrs&rotation_angle=0.0&object=Shaula&format=jpg
Sheliak,294.9852507374631,https://alasky.u-strasbg.fr/hips-image-services/hips2fits?hips=CDS%2FP%2FDSS2%2Fcolor&width=500&height=500&fov=1&projection=SIN&coordsys=icrs&rotation_angle=0.0&object=Sheliak&format=jpg
Sheratan,17.985611510791365,https://alasky.u-strasbg.fr/hips-image-services/hips2fits?hips=CDS%2FP%2FDSS2%2Fcolor&width=500&height=500&fov=1&projection=SIN&coordsys=icrs&rotation_angle=0.0&object=Sheratan&format=jpg
Sika,59.96426130026504,https://alasky.u-strasbg.fr/hips-image-services/hips2fits?hips=CDS%2FP%2FDSS2%2Fcolor&width=500&height=500&fov=1&projection=SIN&coordsys=icrs&rotation_angle=0.0&object=Sika&format=jpg
Sirius,2.637061258933045,https://alasky.u-strasbg.fr/hips-image-services/hips2fits?hips=CDS%2FP%2FDSS2%2Fcolor&width=500&height=500&fov=1&projection=SIN&coordsys=icrs&rotation_angle=0.0&object=Sirius&format=jpg
Situla,67.95832795329903,https://alasky.u-strasbg.fr/hips-image-services/hips2fits?hips=CDS%2FP%2FDSS2%2Fcolor&width=500&height=500&fov=1&projection=SIN&coordsys=icrs&rotation_angle=0.0&object=Situla&format=jpg
Skat,43.20568932517034,https://alasky.u-strasbg.fr/hips-image-services/hips2fits?hips=CDS%2FP%2FDSS2%2Fcolor&width=500&height=500&fov=1&projection=SIN&coordsys=icrs&rotation_angle=0.0&object=Skat&format=jpg
Solaris,49.30066999610525,https://alasky.u-strasbg.fr/hips-image-services/hips2fits?hips=CDS%2FP%2FDSS2%2Fcolor&width=500&height=500&fov=1&projection=SIN&coordsys=icrs&rotation_angle=0.0&object=Solaris&format=jpg
Spica,76.5696784073507,https://alasky.u-strasbg.fr/hips-image-services/hips2fits?hips=CDS%2FP%2FDSS2%2Fcolor&width=500&height=500&fov=1&projection=SIN&coordsys=icrs&rotation_angle=0.0&object=Spica&format=jpg
Sterrennacht,274.2806988672207,https://alasky.u-strasbg.fr/hips-image-services/hips2fits?hips=CDS%2FP%2FDSS2%2Fcolor&width=500&height=500&fov=1&projection=SIN&coordsys=icrs&rotation_angle=0.0&object=Sterrennacht&format=jpg
Stribor,78.0579189758801,https://alasky.u-strasbg.fr/hips-image-services/hips2fits?hips=CDS%2FP%2FDSS2%2Fcolor&width=500&height=500&fov=1&projection=SIN&coordsys=icrs&rotation_angle=0.0&object=Stribor&format=jpg
Sualocin,72.8342728954537,https://alasky.u-strasbg.fr/hips-image-services/hips2fits?hips=CDS%2FP%2FDSS2%2Fcolor&width=500&height=500&fov=1&projection=SIN&coordsys=icrs&rotation_angle=0.0&object=Sualocin&format=jpg
Subra,39.95205753096285,https://alasky.u-strasbg.fr/hips-image-services/hips2fits?hips=CDS%2FP%2FDSS2%2Fcolor&width=500&height=500&fov=1&projection=SIN&coordsys=icrs&rotation_angle=0.0&object=Subra&format=jpg
Suhail,166.94490818030047,https://alasky.u-strasbg.fr/hips-image-services/hips2fits?hips=CDS%2FP%2FDSS2%2Fcolor&width=500&height=500&fov=1&projection=SIN&coordsys=icrs&rotation_angle=0.0&object=Suhail&format=jpg
Sulafat,190.11406844106463,https://alasky.u-strasbg.fr/hips-image-services/hips2fits?hips=CDS%2FP%2FDSS2%2Fcolor&width=500&height=500&fov=1&projection=SIN&coordsys=icrs&rotation_angle=0.0&object=Sulafat&format=jpg
Syrma,22.237046920169004,https://alasky.u-strasbg.fr/hips-image-services/hips2fits?hips=CDS%2FP%2FDSS2%2Fcolor&width=500&height=500&fov=1&projection=SIN&coordsys=icrs&rotation_angle=0.0&object=Syrma&format=jpg
Tabit,8.06842020332419,https://alasky.u-strasbg.fr/hips-image-services/hips2fits?hips=CDS%2FP%2FDSS2%2Fcolor&width=500&height=500&fov=1&projection=SIN&coordsys=icrs&rotation_angle=0.0&object=Tabit&format=jpg
Taika,486.9971754163826,https://alasky.u-strasbg.fr/hips-image-services/hips2fits?hips=CDS%2FP%2FDSS2%2Fcolor&width=500&height=500&fov=1&projection=SIN&coordsys=icrs&rotation_angle=0.0&object=Taika&format=jpg
Taiyangshou,60.83391125549026,https://alasky.u-strasbg.fr/hips-image-services/hips2fits?hips=CDS%2FP%2FDSS2%2Fcolor&width=500&height=500&fov=1&projection=SIN&coordsys=icrs&rotation_angle=0.0&object=Taiyangshou&format=jpg
Taiyi,29.44059917507441,https://alasky.u-strasbg.fr/hips-image-services/hips2fits?hips=CDS%2FP%2FDSS2%2Fcolor&width=500&height=500&fov=1&projection=SIN&coordsys=icrs&rotation_angle=0.0&object=Taiyi&format=jpg
Talitha,14.509576320371446,https://alasky.u-strasbg.fr/hips-image-services/hips2fits?hips=CDS%2FP%2FDSS2%2Fcolor&width=500&height=500&fov=1&projection=SIN&coordsys=icrs&rotation_angle=0.0&object=Talitha&format=jpg
Tangra,255.82644733812583,https://alasky.u-strasbg.fr/hips-image-services/hips2fits?hips=CDS%2FP%2FDSS2%2Fcolor&width=500&height=500&fov=1&projection=SIN&coordsys=icrs&rotation_angle=0.0&object=Tangra&format=jpg
Tania Australis,56.18387859787512,https://alasky.u-strasbg.fr/hips-image-services/hips2fits?hips=CDS%2FP%2FDSS2%2Fcolor&width=500&height=500&fov=1&projection=SIN&coordsys=icrs&rotation_angle=0.0&object=Tania Australis&format=jpg
Tania Borealis,69.15916289749228,https://alasky.u-strasbg.fr/hips-image-services/hips2fits?hips=CDS%2FP%2FDSS2%2Fcolor&width=500&height=500&fov=1&projection=SIN&coordsys=icrs&rotation_angle=0.0&object=Tania Borealis&format=jpg
Tapecue,32.516941326431066,https://alasky.u-strasbg.fr/hips-image-services/hips2fits?hips=CDS%2FP%2FDSS2%2Fcolor&width=500&height=500&fov=1&projection=SIN&coordsys=icrs&rotation_angle=0.0&object=Tapecue&format=jpg
Tarazed,121.06537530266344,https://alasky.u-strasbg.fr/hips-image-services/hips2fits?hips=CDS%2FP%2FDSS2%2Fcolor&width=500&height=500&fov=1&projection=SIN&coordsys=icrs&rotation_angle=0.0&object=Tarazed&format=jpg
Tarf,98.98441985231523,https://alasky.u-strasbg.fr/hips-image-services/hips2fits?hips=CDS%2FP%2FDSS2%2Fcolor&width=500&height=500&fov=1&projection=SIN&coordsys=icrs&rotation_angle=0.0&object=Tarf&format=jpg
Taygeta,125.47051442910916,https://alasky.u-strasbg.fr/hips-image-services/hips2fits?hips=CDS%2FP%2FDSS2%2Fcolor&width=500&height=500&fov=1&projection=SIN&coordsys=icrs&rotation_angle=0.0&object=Taygeta&format=jpg
Tegmine,25.08151492350138,https://alasky.u-strasbg.fr/hips-image-services/hips2fits?hips=CDS%2FP%2FDSS2%2Fcolor&width=500&height=500&fov=1&projection=SIN&coordsys=icrs&rotation_angle=0.0&object=Tegmine&format=jpg
Tejat,71.02272727272727,https://alasky.u-strasbg.fr/hips-image-services/hips2fits?hips=CDS%2FP%2FDSS2%2Fcolor&width=500&height=500&fov=1&projection=SIN&coordsys=icrs&rotation_angle=0.0&object=Tejat&format=jpg
Terebellum,23.410486493319816,https://alasky.u-strasbg.fr/hips-image-services/hips2fits?hips=CDS%2FP%2FDSS2%2Fcolor&width=500&height=500&fov=1&projection=SIN&coordsys=icrs&rotation_angle=0.0&object=Terebellum&format=jpg
Tevel,462.40636271155097,https://alasky.u-strasbg.fr/hips-image-services/hips2fits?hips=CDS%2FP%2FDSS2%2Fcolor&width=500&height=500&fov=1&projection=SIN&coordsys=icrs&rotation_angle=0.0&object=Tevel&format=jpg
Theemin,64.72450016504747,https://alasky.u-strasbg.fr/hips-image-services/hips2fits?hips=CDS%2FP%2FDSS2%2Fcolor&width=500&height=500&fov=1&projection=SIN&coordsys=icrs&rotation_angle=0.0&object=Theemin&format=jpg
Thuban,79.90028444501263,https://alasky.u-strasbg.fr/hips-image-services/hips2fits?hips=CDS%2FP%2FDSS2%2Fcolor&width=500&height=500&fov=1&projection=SIN&coordsys=icrs&rotation_angle=0.0&object=Thuban&format=jpg
Tiaki,54.25935973955508,https://alasky.u-strasbg.fr/hips-image-services/hips2fits?hips=CDS%2FP%2FDSS2%2Fcolor&width=500&height=500&fov=1&projection=SIN&coordsys=icrs&rotation_angle=0.0&object=Tiaki&format=jpg
Tianguan,136.4256480218281,https://alasky.u-strasbg.fr/hips-image-services/hips2fits?hips=CDS%2FP%2FDSS2%2Fcolor&width=500&height=500&fov=1&projection=SIN&coordsys=icrs&rotation_angle=0.0&object=Tianguan&format=jpg
Tianyi,236.72561134389127,https://alasky.u-strasbg.fr/hips-image-services/hips2fits?hips=CDS%2FP%2FDSS2%2Fcolor&width=500&height=500&fov=1&projection=SIN&coordsys=icrs&rotation_angle=0.0&object=Tianyi&format=jpg
Timir,70.39328729612343,https://alasky.u-strasbg.fr/hips-image-services/hips2fits?hips=CDS%2FP%2FDSS2%2Fcolor&width=500&height=500&fov=1&projection=SIN&coordsys=icrs&rotation_angle=0.0&object=Timir&format=jpg
Tislit,356.15072298596766,https://alasky.u-strasbg.fr/hips-image-services/hips2fits?hips=CDS%2FP%2FDSS2%2Fcolor&width=500&height=500&fov=1&projection=SIN&coordsys=icrs&rotation_angle=0.0&object=Tislit&format=jpg
Titawin,13.478178828476697,https://alasky.u-strasbg.fr/hips-image-services/hips2fits?hips=CDS%2FP%2FDSS2%2Fcolor&width=500&height=500&fov=1&projection=SIN&coordsys=icrs&rotation_angle=0.0&object=Titawin&format=jpg
Tojil,317.1381453761258,https://alasky.u-strasbg.fr/hips-image-services/hips2fits?hips=CDS%2FP%2FDSS2%2Fcolor&width=500&height=500&fov=1&projection=SIN&coordsys=icrs&rotation_angle=0.0&object=Tojil&format=jpg
Toliman,1.3458950201884252,https://alasky.u-strasbg.fr/hips-image-services/hips2fits?hips=CDS%2FP%2FDSS2%2Fcolor&width=500&height=500&fov=1&projection=SIN&coordsys=icrs&rotation_angle=0.0&object=Toliman&format=jpg
Tonatiuh,100.7252215954875,https://alasky.u-strasbg.fr/hips-image-services/hips2fits?hips=CDS%2FP%2FDSS2%2Fcolor&width=500&height=500&fov=1&projection=SIN&coordsys=icrs&rotation_angle=0.0&object=Tonatiuh&format=jpg
Torcular,79.81100753415912,https://alasky.u-strasbg.fr/hips-image-services/hips2fits?hips=CDS%2FP%2FDSS2%2Fcolor&width=500&height=500&fov=1&projection=SIN&coordsys=icrs&rotation_angle=0.0&object=Torcular&format=jpg
Tuiren,293.64263691087945,https://alasky.u-strasbg.fr/hips-image-services/hips2fits?hips=CDS%2FP%2FDSS2%2Fcolor&width=500&height=500&fov=1&projection=SIN&coordsys=icrs&rotation_angle=0.0&object=Tuiren&format=jpg
Tupa,38.82183495285088,https://alasky.u-strasbg.fr/hips-image-services/hips2fits?hips=CDS%2FP%2FDSS2%2Fcolor&width=500&height=500&fov=1&projection=SIN&coordsys=icrs&rotation_angle=0.0&object=Tupa&format=jpg
Tupi,33.48591749739647,https://alasky.u-strasbg.fr/hips-image-services/hips2fits?hips=CDS%2FP%2FDSS2%2Fcolor&width=500&height=500&fov=1&projection=SIN&coordsys=icrs&rotation_angle=0.0&object=Tupi&format=jpg
Tureis,19.48178453146308,https://alasky.u-strasbg.fr/hips-image-services/hips2fits?hips=CDS%2FP%2FDSS2%2Fcolor&width=500&height=500&fov=1&projection=SIN&coordsys=icrs&rotation_angle=0.0&object=Tureis&format=jpg
Ukdah,80.71025020177562,https://alasky.u-strasbg.fr/hips-image-services/hips2fits?hips=CDS%2FP%2FDSS2%2Fcolor&width=500&height=500&fov=1&projection=SIN&coordsys=icrs&rotation_angle=0.0&object=Ukdah&format=jpg
Uklun,39.442908362291,https://alasky.u-strasbg.fr/hips-image-services/hips2fits?hips=CDS%2FP%2FDSS2%2Fcolor&width=500&height=500&fov=1&projection=SIN&coordsys=icrs&rotation_angle=0.0&object=Uklun&format=jpg
Unukalhai,22.675736961451246,https://alasky.u-strasbg.fr/hips-image-services/hips2fits?hips=CDS%2FP%2FDSS2%2Fcolor&width=500&height=500&fov=1&projection=SIN&coordsys=icrs&rotation_angle=0.0&object=Unukalhai&format=jpg
Unurgunite,343.64261168384877,https://alasky.u-strasbg.fr/hips-image-services/hips2fits?hips=CDS%2FP%2FDSS2%2Fcolor&width=500&height=500&fov=1&projection=SIN&coordsys=icrs&rotation_angle=0.0&object=Unurgunite&format=jpg
Uruk,108.4728112898502,https://alasky.u-strasbg.fr/hips-image-services/hips2fits?hips=CDS%2FP%2FDSS2%2Fcolor&width=500&height=500&fov=1&projection=SIN&coordsys=icrs&rotation_angle=0.0&object=Uruk&format=jpg
Vega,7.678722260615834,https://alasky.u-strasbg.fr/hips-image-services/hips2fits?hips=CDS%2FP%2FDSS2%2Fcolor&width=500&height=500&fov=1&projection=SIN&coordsys=icrs&rotation_angle=0.0&object=Vega&format=jpg
Veritate,75.9411000827758,https://alasky.u-strasbg.fr/hips-image-services/hips2fits?hips=CDS%2FP%2FDSS2%2Fcolor&width=500&height=500&fov=1&projection=SIN&coordsys=icrs&rotation_angle=0.0&object=Veritate&format=jpg
Vindemiatrix,33.100526298368145,https://alasky.u-strasbg.fr/hips-image-services/hips2fits?hips=CDS%2FP%2FDSS2%2Fcolor&width=500&height=500&fov=1&projection=SIN&coordsys=icrs&rotation_angle=0.0&object=Vindemiatrix&format=jpg
Wasat,18.59800778140646,https://alasky.u-strasbg.fr/hips-image-services/hips2fits?hips=CDS%2FP%2FDSS2%2Fcolor&width=500&height=500&fov=1&projection=SIN&coordsys=icrs&rotation_angle=0.0&object=Wasat&format=jpg
Wazn,26.73082063619353,https://alasky.u-strasbg.fr/hips-image-services/hips2fits?hips=CDS%2FP%2FDSS2%2Fcolor&width=500&height=500&fov=1&projection=SIN&coordsys=icrs&rotation_angle=0.0&object=Wazn&format=jpg
Wezen,492.61083743842374,https://alasky.u-strasbg.fr/hips-image-services/hips2fits?hips=CDS%2FP%2FDSS2%2Fcolor&width=500&height=500&fov=1&projection=SIN&coordsys=icrs&rotation_angle=0.0&object=Wezen&format=jpg
Wurren,89.22198429693076,https://alasky.u-strasbg.fr/hips-image-services/hips2fits?hips=CDS%2FP%2FDSS2%2Fcolor&width=500&height=500&fov=1&projection=SIN&coordsys=icrs&rotation_angle=0.0&object=Wurren&format=jpg
Xamidimura,533.8458253256459,https://alasky.u-strasbg.fr/hips-image-services/hips2fits?hips=CDS%2FP%2FDSS2%2Fcolor&width=500&height=500&fov=1&projection=SIN&coordsys=icrs&rotation_angle=0.0&object=Xamidimura&format=jpg
Xihe,132.6911083688282,https://alasky.u-strasbg.fr/hips-image-services/hips2fits?hips=CDS%2FP%2FDSS2%2Fcolor&width=500&height=500&fov=1&projection=SIN&coordsys=icrs&rotation_angle=0.0&object=Xihe&format=jpg
Xuange,30.685671325774425,https://alasky.u-strasbg.fr/hips-image-services/hips2fits?hips=CDS%2FP%2FDSS2%2Fcolor&width=500&height=500&fov=1&projection=SIN&coordsys=icrs&rotation_angle=0.0&object=Xuange&format=jpg
Yed Posterior,32.77227203607571,https://alasky.u-strasbg.fr/hips-image-services/hips2fits?hips=CDS%2FP%2FDSS2%2Fcolor&width=500&height=500&fov=1&projection=SIN&coordsys=icrs&rotation_angle=0.0&object=Yed Posterior&format=jpg
Yed Prior,52.465897166841565,https://alasky.u-strasbg.fr/hips-image-services/hips2fits?hips=CDS%2FP%2FDSS2%2Fcolor&width=500&height=500&fov=1&projection=SIN&coordsys=icrs&rotation_angle=0.0&object=Yed Prior&format=jpg
Yildun,55.927786042661715,https://alasky.u-strasbg.fr/hips-image-services/hips2fits?hips=CDS%2FP%2FDSS2%2Fcolor&width=500&height=500&fov=1&projection=SIN&coordsys=icrs&rotation_angle=0.0&object=Yildun&format=jpg
Zaniah,75.93475685690854,https://alasky.u-strasbg.fr/hips-image-services/hips2fits?hips=CDS%2FP%2FDSS2%2Fcolor&width=500&height=500&fov=1&projection=SIN&coordsys=icrs&rotation_angle=0.0&object=Zaniah&format=jpg
Zaurak,58.8179936006023,https://alasky.u-strasbg.fr/hips-image-services/hips2fits?hips=CDS%2FP%2FDSS2%2Fcolor&width=500&height=500&fov=1&projection=SIN&coordsys=icrs&rotation_angle=0.0&object=Zaurak&format=jpg
Zavijava,11.001765783408239,https://alasky.u-strasbg.fr/hips-image-services/hips2fits?hips=CDS%2FP%2FDSS2%2Fcolor&width=500&height=500&fov=1&projection=SIN&coordsys=icrs&rotation_angle=0.0&object=Zavijava&format=jpg
Zhang,76.18293045260279,https://alasky.u-strasbg.fr/hips-image-services/hips2fits?hips=CDS%2FP%2FDSS2%2Fcolor&width=500&height=500&fov=1&projection=SIN&coordsys=icrs&rotation_angle=0.0&object=Zhang&format=jpg
Zibal,36.50301149844862,https://alasky.u-strasbg.fr/hips-image-services/hips2fits?hips=CDS%2FP%2FDSS2%2Fcolor&width=500&height=500&fov=1&projection=SIN&coordsys=icrs&rotation_angle=0.0&object=Zibal&format=jpg
Zosma,17.914725904693658,https://alasky.u-strasbg.fr/hips-image-services/hips2fits?hips=CDS%2FP%2FDSS2%2Fcolor&width=500&height=500&fov=1&projection=SIN&coordsys=icrs&rotation_angle=0.0&object=Zosma&format=jpg
Zubenelgenubi,23.239600278875205,https://alasky.u-strasbg.fr/hips-image-services/hips2fits?hips=CDS%2FP%2FDSS2%2Fcolor&width=500&height=500&fov=1&projection=SIN&coordsys=icrs&rotation_angle=0.0&object=Zubenelgenubi&format=jpg
Zubenelhakrabi,50.025012506253134,https://alasky.u-strasbg.fr/hips-image-services/hips2fits?hips=CDS%2FP%2FDSS2%2Fcolor&width=500&height=500&fov=1&projection=SIN&coordsys=icrs&rotation_angle=0.0&object=Zubenelhakrabi&format=jpg
Zubeneschamali,56.75368898978434,https://alasky.u-strasbg.fr/hips-image-services/hips2fits?hips=CDS%2FP%2FDSS2%2Fcolor&width=500&height=500&fov=1&projection=SIN&coordsys=icrs&rotation_angle=0.0&object=Zubeneschamali&format=jpg
